paddler,location,local.time,latitude,longitude,image.filename,image.quality,est.cam.height,substrate,eelgrass.present,braun.blanquet,rockweed.present,image.coder,notes,checked
Kristina Boerder,Owls Head,10-08-2020 11:57:46,44.70872004,-62.84138672,G0164216.JPG,3,2,soft,0,0,0,JT,,Y
Kristina Boerder,Owls Head,10-08-2020 11:57:56,44.70872164,-62.84138757,G0164217.JPG,3,2,soft,0,0,0,JT,,Y
Kristina Boerder,Owls Head,10-08-2020 11:58:03,44.70875038,-62.84136003,G0164218.JPG,3,2,mixed,0,0,1,JT,actual time 58:06,Y
Kristina Boerder,Owls Head,10-08-2020 11:58:14,44.70876504,-62.84137838,G0164219.JPG,3,2,mixed,0,0,1,JT,actual time 58:16,Y
Kristina Boerder,Owls Head,10-08-2020 11:58:27,44.70870999,-62.84138807,G0164220.JPG,3,2,soft,0,0,0,JT,actual time 58:26,Y
Kristina Boerder,Owls Head,10-08-2020 11:58:36,44.70869756,-62.8414172,G0164221.JPG,3,2,soft,0,0,0,JT,,Y
Kristina Boerder,Owls Head,10-08-2020 11:58:46,44.70869065,-62.8414123,G0164222.JPG,3,2,soft,0,0,0,JT,,Y
Kristina Boerder,Owls Head,10-08-2020 11:58:56,44.70865572,-62.84141517,G0164223.JPG,3,2,mixed,0,0,1,JT,,Y
Kristina Boerder,Owls Head,10-08-2020 11:59:06,44.7086131,-62.84138464,G0164224.JPG,3,2,soft,0,0,0,JT,,Y
Kristina Boerder,Owls Head,10-08-2020 11:59:16,44.70854761,-62.84137508,G0164225.JPG,3,2,soft,1,2,0,JT,,Y
Kristina Boerder,Owls Head,10-08-2020 11:59:26,44.70846709,-62.8413738,G0164226.JPG,3,2,soft,1,5,0,JT,,Y
Kristina Boerder,Owls Head,10-08-2020 11:59:27,44.70846133,-62.84138111,G0164226.JPG,3,2,soft,1,5,0,JT,actual time 11:59:26,Y
Kristina Boerder,Owls Head,10-08-2020 11:59:36,44.7083758,-62.84136428,G0164227.JPG,3,3,soft,1,5,0,JT,,Y
Kristina Boerder,Owls Head,10-08-2020 11:59:46,44.70832249,-62.84133514,G0164228.JPG,3,3,soft,1,5,0,JT,,Y
Kristina Boerder,Owls Head,10-08-2020 11:59:56,44.70823377,-62.8413021,G0164229.JPG,3,1,soft,1,5,0,JT,,Y
Kristina Boerder,Owls Head,10-08-2020 12:00:06,44.7081546,-62.84126781,G0164230.JPG,3,1,soft,1,5,0,JT,,Y
Kristina Boerder,Owls Head,10-08-2020 12:00:16,44.70806096,-62.84121422,G0164231.JPG,3,2,soft,1,5,0,JT,,Y
Kristina Boerder,Owls Head,10-08-2020 12:00:26,44.70795332,-62.84115719,G0164232.JPG,3,1,soft,1,5,0,JT,,Y
Kristina Boerder,Owls Head,10-08-2020 12:00:36,44.70788391,-62.84104929,G0164233.JPG,3,2,soft,1,5,0,JT,,Y
Kristina Boerder,Owls Head,10-08-2020 12:00:46,44.70778118,-62.8410131,G0164234.JPG,3,3,soft,1,5,0,JT,Great images for comms in this sequence,Y
Kristina Boerder,Owls Head,10-08-2020 12:00:56,44.70767854,-62.840976,G0164235.JPG,3,3,soft,1,5,0,JT,,Y
Kristina Boerder,Owls Head,10-08-2020 12:01:06,44.70757417,-62.84092267,G0164236.JPG,3,3,soft,1,5,0,JT,,Y
Kristina Boerder,Owls Head,10-08-2020 12:01:16,44.70747307,-62.8409255,G0164237.JPG,3,3,soft,1,5,0,JT,,Y
Kristina Boerder,Owls Head,10-08-2020 12:01:26,44.70739685,-62.84092878,G0164238.JPG,3,3,soft,1,5,0,JT,,Y
Kristina Boerder,Owls Head,10-08-2020 12:01:36,44.70732242,-62.84089631,G0164239.JPG,3,3,soft,1,5,0,JT,,Y
Kristina Boerder,Owls Head,10-08-2020 12:01:46,44.7072383,-62.84087659,G0164240.JPG,3,3,soft,1,5,0,JT,,Y
Kristina Boerder,Owls Head,10-08-2020 12:01:56,44.707144,-62.84085351,G0164241.JPG,3,3,soft,1,5,0,JT,,Y
Kristina Boerder,Owls Head,10-08-2020 12:02:06,44.70705446,-62.84081977,G0164242.JPG,3,3,soft,1,5,0,JT,,Y
Kristina Boerder,Owls Head,10-08-2020 12:02:16,44.70695883,-62.84076364,G0164243.JPG,3,3,soft,1,5,0,JT,,Y
Kristina Boerder,Owls Head,10-08-2020 12:02:26,44.70687133,-62.84072146,G0164244.JPG,3,3,soft,1,5,0,JT,,Y
Kristina Boerder,Owls Head,10-08-2020 12:02:36,44.70676838,-62.84071116,G0164245.JPG,3,3,soft,1,5,0,JT,,Y
Kristina Boerder,Owls Head,10-08-2020 12:02:46,44.70668999,-62.8406788,G0164246.JPG,3,3,soft,1,5,0,JT,,Y
Kristina Boerder,Owls Head,10-08-2020 12:02:56,44.70659762,-62.84062134,G0164247.JPG,3,3,soft,1,5,0,JT,,Y
Kristina Boerder,Owls Head,10-08-2020 12:03:06,44.70649602,-62.84052347,G0164248.JPG,3,3,soft,1,4,0,JT,,Y
Kristina Boerder,Owls Head,10-08-2020 12:03:16,44.70639508,-62.84046377,G0164249.JPG,3,3,soft,1,5,0,JT,,Y
Kristina Boerder,Owls Head,10-08-2020 12:03:26,44.70628977,-62.84043109,G0164250.JPG,3,3,soft,1,4,0,JT,,Y
Kristina Boerder,Owls Head,10-08-2020 12:03:36,44.70624497,-62.84040907,G0164251.JPG,3,3,soft,1,5,0,JT,,Y
Kristina Boerder,Owls Head,10-08-2020 12:03:46,44.70616048,-62.84035381,G0164252.JPG,3,3,soft,1,5,0,JT,,Y
Kristina Boerder,Owls Head,10-08-2020 12:03:56,44.70608405,-62.84032101,G0164253.JPG,3,3,soft,1,4,0,JT,,Y
Kristina Boerder,Owls Head,10-08-2020 12:04:06,44.70599035,-62.84029978,G0164254.JPG,3,3,soft,1,5,0,JT,,Y
Kristina Boerder,Owls Head,10-08-2020 12:04:16,44.70589185,-62.8402717,G0164255.JPG,3,3,soft,1,3,0,JT,,Y
Kristina Boerder,Owls Head,10-08-2020 12:04:26,44.70578751,-62.84024534,G0164256.JPG,3,3,soft,1,2,0,JT,piece of kelp,Y
Kristina Boerder,Owls Head,10-08-2020 12:04:36,44.70566651,-62.84020531,G0164257.JPG,3,3,soft,1,2,0,JT,,Y
Kristina Boerder,Owls Head,10-08-2020 12:04:46,44.70555705,-62.84019918,G0164258.JPG,3,3,soft,1,1,0,JT,,Y
Kristina Boerder,Owls Head,10-08-2020 12:04:56,44.70544764,-62.84013677,G0164259.JPG,3,3,soft,1,1,0,JT,,Y
Kristina Boerder,Owls Head,10-08-2020 12:05:06,44.70535398,-62.84007783,G0164260.JPG,1,3,soft,1,NA,NA,JT,> 50% obstructed,Y
Kristina Boerder,Owls Head,10-08-2020 12:05:16,44.7052447,-62.84001635,G0164261.JPG,3,3,mixed,1,2,1,JT,,Y
Kristina Boerder,Owls Head,10-08-2020 12:05:26,44.70513149,-62.83998004,G0164262.JPG,3,3,soft,1,5,0,JT,,Y
Kristina Boerder,Owls Head,10-08-2020 12:05:36,44.70502515,-62.83991386,G0164263.JPG,3,3,soft,1,5,0,JT,,Y
Kristina Boerder,Owls Head,10-08-2020 12:05:46,44.70496156,-62.83988192,G0164264.JPG,3,3,soft,1,3,0,JT,,Y
Kristina Boerder,Owls Head,10-08-2020 12:05:56,44.7048469,-62.8398394,G0164265.JPG,3,3,soft,1,3,0,JT,,Y
Kristina Boerder,Owls Head,10-08-2020 12:06:06,44.70476156,-62.83979487,G0164266.JPG,3,3,soft,1,1,0,JT,,Y
Kristina Boerder,Owls Head,10-08-2020 12:06:16,44.70466581,-62.83971703,G0164267.JPG,3,3,soft,0,0,0,JT,,Y
Kristina Boerder,Owls Head,10-08-2020 12:06:26,44.70453935,-62.83966015,G0164268.JPG,3,3,soft,0,0,0,JT,,Y
Kristina Boerder,Owls Head,10-08-2020 12:06:36,44.70443757,-62.83961982,G0164269.JPG,3,3,soft,1,0.5,0,JT,,Y
Kristina Boerder,Owls Head,10-08-2020 12:06:46,44.70442185,-62.83960381,G0164270.JPG,3,3,mixed,0,0,1,JT,,Y
Kristina Boerder,Owls Head,10-08-2020 12:06:56,44.70440417,-62.83956623,G0164271.JPG,3,2,other,0,0,0,JT,coarse pebbles,Y
Kristina Boerder,Owls Head,10-08-2020 12:07:06,44.70430571,-62.83943087,G0164272.JPG,3,1,other,0,0,0,JT,coarse pebbles,Y
Kristina Boerder,Owls Head,10-08-2020 12:07:16,44.70420046,-62.83928458,G0164273.JPG,3,2,mixed,0,0,1,JT,,Y
Kristina Boerder,Owls Head,10-08-2020 12:07:26,44.70412634,-62.83919342,G0164274.JPG,3,3,soft,1,0.5,0,JT,,Y
Kristina Boerder,Owls Head,10-08-2020 12:07:36,44.70405742,-62.83909071,G0164275.JPG,3,3,soft,1,1,0,JT,,Y
Kristina Boerder,Owls Head,10-08-2020 12:07:46,44.70398223,-62.83897238,G0164276.JPG,3,3,soft,1,0.5,0,JT,,Y
Kristina Boerder,Owls Head,10-08-2020 12:07:56,44.70393477,-62.83887664,G0164277.JPG,3,3,soft,1,1,0,JT,,Y
Kristina Boerder,Owls Head,10-08-2020 12:08:06,44.70390473,-62.83880062,G0164278.JPG,3,3,soft,1,1,0,JT,,Y
Kristina Boerder,Owls Head,10-08-2020 12:08:16,44.70387001,-62.83868627,G0164279.JPG,3,3,soft,1,1,0,JT,,Y
Kristina Boerder,Owls Head,10-08-2020 12:08:26,44.70383689,-62.83853227,G0164280.JPG,3,3,mixed,0,0,1,JT,,Y
Kristina Boerder,Owls Head,10-08-2020 12:08:36,44.70379959,-62.83837225,G0164281.JPG,3,3,mixed,1,0.5,1,JT,,Y
Kristina Boerder,Owls Head,10-08-2020 12:08:46,44.70375496,-62.83817728,G0164282.JPG,3,3,mixed,0,0,1,JT,,Y
Kristina Boerder,Owls Head,10-08-2020 12:08:56,44.70371937,-62.83799326,G0164283.JPG,3,3,mixed,1,0.5,1,JT,,Y
Kristina Boerder,Owls Head,10-08-2020 12:09:06,44.70370329,-62.83781637,G0164284.JPG,3,3,mixed,1,0.5,1,JT,,Y
Kristina Boerder,Owls Head,10-08-2020 12:09:16,44.70366611,-62.83761981,G0164285.JPG,3,3,mixed,0,0,1,JT,,Y
Kristina Boerder,Owls Head,10-08-2020 12:09:26,44.70356265,-62.83742596,G0164286.JPG,3,3,mixed,0,0,1,JT,,Y
Kristina Boerder,Owls Head,10-08-2020 12:09:36,44.70343428,-62.83724826,G0164287.JPG,3,3,mixed,1,3,1,JT,,Y
Kristina Boerder,Owls Head,10-08-2020 12:09:46,44.70330243,-62.83711194,G0164288.JPG,3,3,soft,1,5,0,JT,,Y
Kristina Boerder,Owls Head,10-08-2020 12:09:56,44.70321229,-62.83699391,G0164289.JPG,3,3,soft,1,5,0,JT,,Y
Kristina Boerder,Owls Head,10-08-2020 12:10:06,44.70310926,-62.83683814,G0164290.JPG,3,3,soft,1,4,0,JT,,Y
Kristina Boerder,Owls Head,10-08-2020 12:10:16,44.70301364,-62.83667926,G0164291.JPG,2,3,soft,1,3,0,JT,,Y
Kristina Boerder,Owls Head,10-08-2020 12:10:26,44.70293939,-62.83651662,G0164292.JPG,3,3,soft,1,5,0,JT,,Y
Kristina Boerder,Owls Head,10-08-2020 12:10:36,44.70289394,-62.8364054,G0164293.JPG,3,3,soft,1,5,0,JT,,Y
Kristina Boerder,Owls Head,10-08-2020 12:10:46,44.7027963,-62.83623961,G0164294.JPG,3,3,soft,1,5,0,JT,,Y
Kristina Boerder,Owls Head,10-08-2020 12:10:56,44.70268266,-62.83606081,G0164295.JPG,3,3,soft,1,5,0,JT,,Y
Kristina Boerder,Owls Head,10-08-2020 12:11:06,44.70257467,-62.83593462,G0164296.JPG,3,3,soft,1,5,0,JT,,Y
Kristina Boerder,Owls Head,10-08-2020 12:11:16,44.70250834,-62.83582206,G0164297.JPG,3,3,mixed,1,5,1,JT,assumed mixed substrate since there is some rockweed,Y
Kristina Boerder,Owls Head,10-08-2020 12:11:26,44.70245388,-62.83572154,G0164298.JPG,3,3,mixed,1,4,0,JT,,Y
Kristina Boerder,Owls Head,10-08-2020 12:11:36,44.70244276,-62.83567664,G0164299.JPG,3,3,mixed,1,4,1,JT,,Y
Kristina Boerder,Owls Head,10-08-2020 12:11:46,44.7024829,-62.835562,G0164300.JPG,3,3,mixed,1,4,1,JT,,Y
Kristina Boerder,Owls Head,10-08-2020 12:11:56,44.70253036,-62.83547393,G0164301.JPG,3,3,mixed,1,4,1,JT,,Y
Kristina Boerder,Owls Head,10-08-2020 12:12:06,44.70260143,-62.83539299,G0164302.JPG,3,3,mixed,1,4,1,JT,,Y
Kristina Boerder,Owls Head,10-08-2020 12:12:16,44.7026939,-62.83534044,G0164303.JPG,3,3,mixed,1,2,1,JT,several spp of macroalgae,Y
Kristina Boerder,Owls Head,10-08-2020 12:12:26,44.70272503,-62.83529909,G0164304.JPG,3,3,mixed,1,2,1,JT,several spp of macroalgae,Y
Kristina Boerder,Owls Head,10-08-2020 12:12:36,44.70274785,-62.83526738,G0164305.JPG,3,3,mixed,1,2,1,JT,several spp of macroalgae,Y
Kristina Boerder,Owls Head,10-08-2020 12:12:46,44.7027645,-62.83522595,G0164306.JPG,3,3,mixed,1,3,1,JT,several spp of macroalgae,Y
Kristina Boerder,Owls Head,10-08-2020 12:12:56,44.70277163,-62.83517159,G0164307.JPG,3,3,mixed,1,3,1,JT,several spp of macroalgae,Y
Kristina Boerder,Owls Head,10-08-2020 12:13:07,44.70279308,-62.83514047,G0164308.JPG,2,3,mixed,1,2,1,JT,several spp of macroalgae,Y
Kristina Boerder,Owls Head,10-08-2020 12:13:26,44.70283592,-62.8350616,G0164310.JPG,3,3,mixed,1,4,1,JT,several spp of macroalgae,Y
Kristina Boerder,Owls Head,10-08-2020 12:13:36,44.70288718,-62.83495322,G0164311.JPG,3,3,mixed,1,5,1,JT,,Y
Kristina Boerder,Owls Head,10-08-2020 12:13:46,44.70288644,-62.83502029,G0164312.JPG,3,3,mixed,1,3,1,JT,,Y
Kristina Boerder,Owls Head,10-08-2020 12:13:56,44.70290355,-62.83496876,G0164313.JPG,3,3,mixed,1,4,1,JT,,Y
Kristina Boerder,Owls Head,10-08-2020 12:14:06,44.7030037,-62.8348853,G0164314.JPG,3,3,mixed,1,2,1,JT,possible reproductive shoots?,Y
Kristina Boerder,Owls Head,10-08-2020 12:14:16,44.70310027,-62.83476395,G0164315.JPG,3,3,mixed,1,2,1,JT,,Y
Kristina Boerder,Owls Head,10-08-2020 12:14:26,44.70317884,-62.83463771,G0164316.JPG,3,3,mixed,1,5,NA,JT,unsure about rockweed,Y
Kristina Boerder,Owls Head,10-08-2020 12:14:36,44.70322362,-62.83444941,G0164317.JPG,2,3,mixed,1,2,0,JT,,Y
Kristina Boerder,Owls Head,10-08-2020 12:14:46,44.70327787,-62.83425926,G0164318.JPG,2,3,soft,1,2,0,JT,,Y
Kristina Boerder,Owls Head,10-08-2020 12:14:56,44.70333527,-62.8340964,G0164319.JPG,1,3,mixed,NA,NA,NA,JT,too deep/not clear enough to confidently ID cover type,Y
Kristina Boerder,Owls Head,10-08-2020 12:15:06,44.70339591,-62.83392355,G0164320.JPG,1,3,soft,1,NA,NA,JT,could be some algae cover top right but looks very fine,Y
Kristina Boerder,Owls Head,10-08-2020 12:15:16,44.70349622,-62.8337522,G0164321.JPG,1,3,soft,1,NA,NA,JT,,Y
Kristina Boerder,Owls Head,10-08-2020 12:15:26,44.70357672,-62.83357059,G0164322.JPG,2,3,soft,1,1,0,JT,could be some hard substrate in top right ,Y
Kristina Boerder,Owls Head,10-08-2020 12:15:36,44.70367012,-62.8334038,G0164323.JPG,2,3,soft,1,2,0,JT,,Y
Kristina Boerder,Owls Head,10-08-2020 12:15:46,44.70376453,-62.83324293,G0164324.JPG,2,3,soft,1,2,0,JT,,Y
Kristina Boerder,Owls Head,10-08-2020 12:15:56,44.70386531,-62.83306463,G0164325.JPG,1,3,soft,NA,NA,NA,JT,likely some eelgrass but not clear enough to be confident,Y
Kristina Boerder,Owls Head,10-08-2020 12:16:06,44.70394707,-62.83288405,G0164326.JPG,1,3,soft,NA,NA,NA,JT,possibly very small patch of eelgrass but can't be confident,Y
Kristina Boerder,Owls Head,10-08-2020 12:16:16,44.70400982,-62.83273038,G0164327.JPG,2,3,soft,1,1,0,JT,,Y
Kristina Boerder,Owls Head,10-08-2020 12:16:26,44.70408146,-62.83258419,G0164328.JPG,1,3,soft,1,1,0,JT,,Y
Kristina Boerder,Owls Head,10-08-2020 12:16:36,44.70418,-62.83241113,G0164329.JPG,2,3,soft,1,2,0,JT,,Y
Kristina Boerder,Owls Head,10-08-2020 12:16:46,44.70426347,-62.83223138,G0164330.JPG,2,3,soft,1,2,0,JT,,Y
Kristina Boerder,Owls Head,10-08-2020 12:16:56,44.70434192,-62.83205445,G0164331.JPG,2,3,soft,1,1,0,JT,,Y
Kristina Boerder,Owls Head,10-08-2020 12:17:06,44.70442217,-62.83187923,G0164332.JPG,2,3,soft,1,1,0,JT,,Y
Kristina Boerder,Owls Head,10-08-2020 12:17:16,44.70451394,-62.8317265,G0164333.JPG,2,3,soft,1,2,0,JT,,Y
Kristina Boerder,Owls Head,10-08-2020 12:17:26,44.70458504,-62.83157217,G0164334.JPG,2,3,soft,1,0.5,0,PS,tiny solitary eelgrass shoots,Y
Kristina Boerder,Owls Head,10-08-2020 12:17:36,44.7046409,-62.83144856,G0164335.JPG,2,3,soft,1,1,0,PS,,Y
Kristina Boerder,Owls Head,10-08-2020 12:17:46,44.70467409,-62.83137645,G0164336.JPG,2,3,soft,1,1,0,PS,,Y
Kristina Boerder,Owls Head,10-08-2020 12:17:56,44.70469313,-62.83129392,G0164337.JPG,2,3,soft,1,1,0,PS,,Y
Kristina Boerder,Owls Head,10-08-2020 12:18:06,44.70476831,-62.83115279,G0164338.JPG,2,3,soft,1,1,0,PS,,Y
Kristina Boerder,Owls Head,10-08-2020 12:18:16,44.70487838,-62.83100111,G0164339.JPG,2,3,soft,1,2,0,PS,,Y
Kristina Boerder,Owls Head,10-08-2020 12:18:26,44.70496344,-62.83084475,G0164340.JPG,2,3,soft,1,2,0,PS,,Y
Kristina Boerder,Owls Head,10-08-2020 12:18:36,44.70506641,-62.83069617,G0164341.JPG,2,3,soft,1,2,0,PS,,Y
Kristina Boerder,Owls Head,10-08-2020 12:18:46,44.70515672,-62.83050235,G0164342.JPG,2,3,soft,1,1,0,PS,,Y
Kristina Boerder,Owls Head,10-08-2020 12:18:56,44.70525841,-62.83036456,G0164343.JPG,2,3,soft,1,2,0,PS,,Y
Kristina Boerder,Owls Head,10-08-2020 12:19:06,44.70535542,-62.83021884,G0164344.JPG,2,3,soft,1,2,0,PS,,Y
Kristina Boerder,Owls Head,10-08-2020 12:19:16,44.70544333,-62.83008462,G0164345.JPG,2,3,soft,1,1,0,PS,,Y
Kristina Boerder,Owls Head,10-08-2020 12:19:26,44.70554604,-62.82992111,G0164346.JPG,2,3,soft,1,1,0,PS,,Y
Kristina Boerder,Owls Head,10-08-2020 12:19:36,44.70565335,-62.82974009,G0164347.JPG,2,3,soft,1,1,0,PS,,Y
Kristina Boerder,Owls Head,10-08-2020 12:19:46,44.70575171,-62.8295865,G0164348.JPG,2,3,soft,1,0.5,0,PS,,Y
Kristina Boerder,Owls Head,10-08-2020 12:19:56,44.70586321,-62.8294401,G0164349.JPG,2,3,soft,1,1,0,PS,,Y
Kristina Boerder,Owls Head,10-08-2020 12:20:08,44.706015,-62.82928354,G0164350.JPG,2,3,soft,1,1,0,PS,actual time 12:20:06,Y
Kristina Boerder,Owls Head,10-08-2020 12:20:16,44.70610118,-62.8292264,G0164351.JPG,2,3,soft,1,2,0,PS,,Y
Kristina Boerder,Owls Head,10-08-2020 12:20:26,44.70623988,-62.82914887,G0164352.JPG,2,3,soft,1,2,0,PS,,Y
Kristina Boerder,Owls Head,10-08-2020 12:20:36,44.70637764,-62.82907432,G0164353.JPG,2,3,soft,1,2,0,PS,,Y
Kristina Boerder,Owls Head,10-08-2020 12:20:46,44.70652166,-62.82899109,G0164354.JPG,2,3,soft,1,2,0,PS,,Y
Kristina Boerder,Owls Head,10-08-2020 12:20:56,44.70665758,-62.82894066,G0164355.JPG,2,3,soft,1,2,0,PS,,Y
Kristina Boerder,Owls Head,10-08-2020 12:21:06,44.70675436,-62.82890343,G0164356.JPG,2,3,mixed,1,1,1,PS,,Y
Kristina Boerder,Owls Head,10-08-2020 12:21:16,44.70682132,-62.82888637,G0164357.JPG,3,2,rock,0,0,1,PS,,Y
Kristina Boerder,Owls Head,10-08-2020 12:21:26,44.70693456,-62.82879155,G0164358.JPG,2,3,soft,1,2,0,PS,,Y
Kristina Boerder,Owls Head,10-08-2020 12:21:36,44.70701714,-62.82859291,G0164359.JPG,2,3,soft,1,2,0,PS,,Y
Kristina Boerder,Owls Head,10-08-2020 12:21:46,44.70708262,-62.82842997,G0164360.JPG,2,3,mixed,1,1,1,PS,,Y
Kristina Boerder,Owls Head,10-08-2020 12:21:56,44.70713669,-62.82828908,G0164361.JPG,2,2,mixed,1,1,1,PS,,Y
Kristina Boerder,Owls Head,10-08-2020 12:22:06,44.70719832,-62.82812886,G0164362.JPG,3,3,mixed,1,2,1,PS,,Y
Kristina Boerder,Owls Head,10-08-2020 12:22:16,44.70724058,-62.82793539,G0164363.JPG,2,3,mixed,1,3,1,PS,,Y
Kristina Boerder,Owls Head,10-08-2020 12:22:26,44.7072843,-62.8278033,G0164364.JPG,3,3,mixed,1,4,1,PS,,Y
Kristina Boerder,Owls Head,10-08-2020 12:22:37,44.7073105,-62.82769568,G0164365.JPG,3,3,mixed,1,3,1,PS,Actual time 12:22:36 PM,Y
Kristina Boerder,Owls Head,10-08-2020 12:22:46,44.70732526,-62.82766785,G0164366.JPG,3,3,mixed,1,2,1,PS,,Y
Kristina Boerder,Owls Head,10-08-2020 12:22:56,44.70734136,-62.82763902,G0164367.JPG,3,3,mixed,1,1,1,PS,,Y
Kristina Boerder,Owls Head,10-08-2020 12:23:06,44.70735984,-62.82760488,G0164368.JPG,3,3,rock,0,0,1,PS,,Y
Kristina Boerder,Owls Head,10-08-2020 12:23:16,44.70739659,-62.82752398,G0164369.JPG,3,3,rock,0,0,1,JT,many spp of macroalgae through this sequence,Y
Kristina Boerder,Owls Head,10-08-2020 12:23:26,44.7074391,-62.827434,G0164370.JPG,3,3,rock,0,0,1,PS,,Y
Kristina Boerder,Owls Head,10-08-2020 12:23:36,44.70744687,-62.82733985,G0164371.JPG,3,2,rock,0,0,1,PS,,Y
Kristina Boerder,Owls Head,10-08-2020 12:23:46,44.70750115,-62.82720462,G0164372.JPG,3,3,rock,0,0,1,PS,,Y
Kristina Boerder,Owls Head,10-08-2020 12:23:56,44.70757062,-62.82705499,G0164373.JPG,3,3,rock,0,0,1,PS,,Y
Kristina Boerder,Owls Head,10-08-2020 12:24:07,44.70766533,-62.82693235,G0164374.JPG,3,3,mixed,1,2,1,PS, Actual time 12:24:06 PM,Y
Kristina Boerder,Owls Head,10-08-2020 12:24:14,44.70774184,-62.82691328,G0164375.JPG,3,3,mixed,1,5,1,PS, Actual time 12:24:16 PM,Y
Kristina Boerder,Owls Head,10-08-2020 12:24:26,44.70785199,-62.82689505,G0164376.JPG,2,3,mixed,1,4,1,PS,,Y
Kristina Boerder,Owls Head,10-08-2020 12:24:36,44.70792154,-62.82685667,G0164377.JPG,2,3,mixed,1,5,1,PS,,Y
Kristina Boerder,Owls Head,10-08-2020 12:24:46,44.70802073,-62.82684582,G0164378.JPG,3,3,mixed,1,4,1,PS,,Y
Kristina Boerder,Owls Head,10-08-2020 12:24:56,44.70811034,-62.82679658,G0164379.JPG,3,3,soft,1,3,0,PS,few dead eelgrass,Y
Kristina Boerder,Owls Head,10-08-2020 12:25:06,44.70818461,-62.82671883,G0164380.JPG,3,3,mixed,1,2,1,PS,,Y
Kristina Boerder,Owls Head,10-08-2020 12:25:15,44.70824398,-62.82663146,G0164381.JPG,3,3,mixed,1,5,1,PS,Actual time 12:25:16 PM,Y
Kristina Boerder,Owls Head,10-08-2020 12:25:26,44.70831445,-62.82653813,G0164382.JPG,3,3,soft,1,5,0,PS,,Y
Kristina Boerder,Owls Head,10-08-2020 12:25:36,44.7083613,-62.82644835,G0164383.JPG,3,3,mixed,1,2,1,PS,,Y
Kristina Boerder,Owls Head,10-08-2020 12:25:45,44.70842173,-62.82637929,G0164384.JPG,2,3,mixed,1,4,1,PS,Actual time 12:25:46 PM,Y
Kristina Boerder,Owls Head,10-08-2020 12:25:56,44.70850486,-62.82627528,G0164385.JPG,3,3,mixed,1,5,1,PS,,Y
Kristina Boerder,Owls Head,10-08-2020 12:26:06,44.708544,-62.82617162,G0164386.JPG,3,3,mixed,1,4,1,PS,,Y
Kristina Boerder,Owls Head,10-08-2020 12:26:16,44.70861461,-62.82607781,G0164387.JPG,3,3,mixed,1,4,1,PS,,Y
Kristina Boerder,Owls Head,10-08-2020 12:26:26,44.70869326,-62.82596596,G0164388.JPG,3,3,mixed,1,2,1,PS,,Y
Kristina Boerder,Owls Head,10-08-2020 12:26:35,44.70875455,-62.82591242,G0164389.JPG,3,3,mixed,1,4,1,PS,Actual time 12:26:36 PM,Y
Kristina Boerder,Owls Head,10-08-2020 12:26:46,44.70879997,-62.82583844,G0164390.JPG,3,3,mixed,1,4,NA,PS,unsure about rockweed,Y
Kristina Boerder,Owls Head,10-08-2020 12:26:56,44.70884878,-62.82577181,G0164391.JPG,3,3,soft,1,3,0,PS,,Y
Kristina Boerder,Owls Head,10-08-2020 12:27:08,44.70891215,-62.82566875,G0164392.JPG,3,3,soft,1,4,0,PS,"Actual Time 12:27:08 PM, some dead eelgrass",Y
Kristina Boerder,Owls Head,10-08-2020 12:27:16,44.70895148,-62.82559357,G0164393.JPG,3,3,soft,1,5,0,PS,,Y
Kristina Boerder,Owls Head,10-08-2020 12:27:26,44.70904243,-62.82548245,G0164394.JPG,3,3,soft,1,5,0,PS,few dead eelgrass,Y
Kristina Boerder,Owls Head,10-08-2020 12:27:36,44.70910221,-62.82536785,G0164395.JPG,3,3,soft,1,5,0,PS,,Y
Kristina Boerder,Owls Head,10-08-2020 12:27:46,44.7091603,-62.82525594,G0164396.JPG,3,3,soft,1,3,0,PS,few dead eelgrass,Y
Kristina Boerder,Owls Head,10-08-2020 12:27:56,44.70921649,-62.82517415,G0164397.JPG,3,3,soft,1,4,0,PS,few dead eelgrass,Y
Kristina Boerder,Owls Head,10-08-2020 12:28:06,44.70927503,-62.82508972,G0164398.JPG,2,3,soft,1,5,0,PS,,Y
Kristina Boerder,Owls Head,10-08-2020 12:28:16,44.70933484,-62.82500444,G0164399.JPG,3,3,soft,1,3,0,PS,"few dead eelgrass, brown algae patches",Y
Kristina Boerder,Owls Head,10-08-2020 12:28:26,44.7093982,-62.82490295,G0164400.JPG,3,3,soft,1,3,0,PS,some dead eelgrass,Y
Kristina Boerder,Owls Head,10-08-2020 12:28:36,44.70945192,-62.82478311,G0164401.JPG,3,2,soft,1,2,0,PS,,Y
Kristina Boerder,Owls Head,10-08-2020 12:28:46,44.7094942,-62.82470085,G0164402.JPG,3,2,soft,1,1,0,PS,some dead eelgrass,Y
Kristina Boerder,Owls Head,10-08-2020 12:28:56,44.70952027,-62.82462144,G0164403.JPG,3,2,mixed,1,4,1,PS,,Y
Kristina Boerder,Owls Head,10-08-2020 12:29:06,44.70959031,-62.82459518,G0164404.JPG,3,2,soft,1,3,0,PS,,Y
Kristina Boerder,Owls Head,10-08-2020 12:29:16,44.70967174,-62.82452881,G0164405.JPG,2,2,soft,1,5,0,PS,,Y
Kristina Boerder,Owls Head,10-08-2020 12:29:26,44.70973533,-62.82447911,G0164406.JPG,2,2,soft,1,5,0,PS,,Y
Kristina Boerder,Owls Head,10-08-2020 12:29:36,44.7097894,-62.82441784,G0164407.JPG,3,3,soft,1,4,0,PS,,Y
Kristina Boerder,Owls Head,10-08-2020 12:29:46,44.70984447,-62.82436254,G0164408.JPG,2,3,soft,1,4,0,PS,,Y
Kristina Boerder,Owls Head,10-08-2020 12:29:56,44.70990279,-62.82428817,G0164409.JPG,3,3,soft,1,1,0,PS,,Y
Kristina Boerder,Owls Head,10-08-2020 12:30:06,44.70995872,-62.82420244,G0164410.JPG,3,3,soft,1,1,0,PS,,Y
Kristina Boerder,Owls Head,10-08-2020 12:30:16,44.7100193,-62.82414395,G0164411.JPG,3,3,soft,1,2,0,PS,some dead eelgrass,Y
Kristina Boerder,Owls Head,10-08-2020 12:30:26,44.71007508,-62.82406678,G0164412.JPG,2,3,soft,1,3,0,PS,,Y
Kristina Boerder,Owls Head,10-08-2020 12:30:35,44.71015075,-62.82397754,G0164413.JPG,3,3,soft,1,4,0,PS,Actual time 12:30:36 PM,Y
Kristina Boerder,Owls Head,10-08-2020 12:30:46,44.7102164,-62.82390586,G0164414.JPG,3,2,soft,1,2,0,PS,,Y
Kristina Boerder,Owls Head,10-08-2020 12:30:56,44.71025858,-62.82383656,G0164415.JPG,3,2,soft,1,1,0,PS,,Y
Kristina Boerder,Owls Head,10-08-2020 12:31:06,44.71028576,-62.8237955,G0164416.JPG,3,2,soft,1,1,0,PS,,Y
Kristina Boerder,Owls Head,10-08-2020 12:31:16,44.71029783,-62.82383873,G0164417.JPG,3,2,soft,1,1,0,PS,,Y
Kristina Boerder,Owls Head,10-08-2020 12:31:26,44.71023582,-62.8238194,G0164418.JPG,3,3,soft,1,2,0,PS,,Y
Kristina Boerder,Owls Head,10-08-2020 12:31:36,44.71011974,-62.8238225,G0164419.JPG,3,3,soft,1,4,0,PS,,Y
Kristina Boerder,Owls Head,10-08-2020 12:31:46,44.71005231,-62.82387156,G0164420.JPG,3,3,soft,1,4,0,PS,,Y
Kristina Boerder,Owls Head,10-08-2020 12:31:56,44.71000844,-62.82391543,G0164421.JPG,3,3,soft,1,3,1,PS,,Y
Kristina Boerder,Owls Head,10-08-2020 12:32:06,44.70994732,-62.82398668,G0164422.JPG,3,3,soft,1,3,0,PS,,Y
Kristina Boerder,Owls Head,10-08-2020 12:32:16,44.70988898,-62.8240656,G0164423.JPG,3,3,soft,1,1,0,PS,,Y
Kristina Boerder,Owls Head,10-08-2020 12:32:26,44.70983481,-62.82416496,G0164424.JPG,3,2,soft,1,1,0,PS,,Y
Kristina Boerder,Owls Head,10-08-2020 12:32:36,44.7097625,-62.82422318,G0164425.JPG,3,2,soft,1,2,0,PS,,Y
Kristina Boerder,Owls Head,10-08-2020 12:32:46,44.70972687,-62.82428374,G0164426.JPG,3,2,soft,1,1,0,PS,,Y
Kristina Boerder,Owls Head,10-08-2020 12:32:56,44.70969601,-62.82428289,G0164427.JPG,3,2,soft,1,4,0,PS,,Y
Kristina Boerder,Owls Head,10-08-2020 12:33:06,44.70964767,-62.8241454,G0164428.JPG,3,2,soft,1,1,0,PS,,Y
Kristina Boerder,Owls Head,10-08-2020 12:33:16,44.70966978,-62.82399453,G0164429.JPG,3,2,soft,1,1,0,PS,,Y
Kristina Boerder,Owls Head,10-08-2020 12:33:26,44.70971644,-62.82387537,G0164430.JPG,3,2,soft,1,1,0,PS,,Y
Kristina Boerder,Owls Head,10-08-2020 12:33:34,44.70974799,-62.82377363,G0164431.JPG,3,2,soft,1,1,0,PS,Actual time 12:33:36 PM,Y
Kristina Boerder,Owls Head,10-08-2020 12:33:46,44.70979803,-62.82368251,G0164432.JPG,3,2,soft,1,1,0,PS,,Y
Kristina Boerder,Owls Head,10-08-2020 12:33:56,44.70986957,-62.82357416,G0164433.JPG,3,2,soft,1,0.5,0,PS,couple of dead eelgrass shoots,Y
Kristina Boerder,Owls Head,10-08-2020 12:34:06,44.70988636,-62.82337668,G0164434.JPG,3,2,soft,1,0.1,0,PS,likely few dead eelgrass,Y
Kristina Boerder,Owls Head,10-08-2020 12:34:16,44.7098402,-62.82316201,G0164435.JPG,3,2,soft,1,0.5,0,PS,,Y
Kristina Boerder,Owls Head,10-08-2020 12:34:26,44.709798,-62.82295697,G0164436.JPG,3,2,soft,1,1,0,PS,,Y
Kristina Boerder,Owls Head,10-08-2020 12:34:36,44.70977311,-62.82274898,G0164437.JPG,3,2,mixed,1,1,1,PS,,Y
Kristina Boerder,Owls Head,10-08-2020 12:34:46,44.70974381,-62.82257225,G0164438.JPG,3,2,soft,1,1,0,PS,,Y
Kristina Boerder,Owls Head,10-08-2020 12:34:56,44.70973317,-62.82243986,G0164439.JPG,3,2,soft,1,1,0,PS,,Y
Kristina Boerder,Owls Head,10-08-2020 12:35:06,44.70968341,-62.82227615,G0164440.JPG,3,2,soft,1,1,0,PS,few dead eelgrass shoots,Y
Kristina Boerder,Owls Head,10-08-2020 12:35:16,44.70966407,-62.82208988,G0164441.JPG,3,2,mixed,1,1,1,PS,,Y
Kristina Boerder,Owls Head,10-08-2020 12:35:26,44.70965002,-62.82193111,G0164442.JPG,3,2,mixed,0,0,1,PS,,Y
Kristina Boerder,Owls Head,10-08-2020 12:35:36,44.70964767,-62.8217956,G0164443.JPG,3,2,mixed,0,0,1,PS,,Y
Kristina Boerder,Owls Head,10-08-2020 12:35:46,44.70963528,-62.82164875,G0164444.JPG,3,3,mixed,1,1,0,PS,patches of fine brown algae ,Y
Kristina Boerder,Owls Head,10-08-2020 12:35:56,44.70960427,-62.82149071,G0164445.JPG,3,3,soft,0,0,0,PS,dead blades,Y
Kristina Boerder,Owls Head,10-08-2020 12:36:06,44.70958208,-62.82138693,G0164446.JPG,3,3,soft,0,0,0,PS,dead blades,Y
Kristina Boerder,Owls Head,10-08-2020 12:36:16,44.70954316,-62.82130014,G0164447.JPG,3,3,soft,1,1,0,PS,,Y
Kristina Boerder,Owls Head,10-08-2020 12:36:26,44.70950486,-62.82121946,G0164448.JPG,3,3,soft,1,1,0,PS,,Y
Kristina Boerder,Owls Head,10-08-2020 12:36:36,44.70948104,-62.82116971,G0164449.JPG,3,3,soft,1,1,0,PS,few dead eelgrass shoots,Y
Kristina Boerder,Owls Head,10-08-2020 12:36:46,44.70946645,-62.82107343,G0164450.JPG,3,3,soft,0,0,0,PS,dead blades,Y
Kristina Boerder,Owls Head,10-08-2020 12:36:58,44.70939484,-62.82096241,G0164451.JPG,3,3,soft,1,0.5,0,PS,"Actual time 12:36:56 PM, few dead eelgrass",Y
Kristina Boerder,Owls Head,10-08-2020 12:37:04,44.70934721,-62.82089599,G0164452.JPG,3,3,mixed,0,0,1,PS,Actual time 12:37:06 PM,Y
Kristina Boerder,Owls Head,10-08-2020 12:37:16,44.7092737,-62.82075071,G0164453.JPG,3,3,soft,0,0,0,PS,,Y
Kristina Boerder,Owls Head,10-08-2020 12:37:26,44.70922168,-62.8206048,G0164454.JPG,3,3,soft,1,1,0,PS,,Y
Kristina Boerder,Owls Head,10-08-2020 12:37:36,44.70917243,-62.82047436,G0164455.JPG,3,3,soft,0,0,0,PS,,Y
Kristina Boerder,Owls Head,10-08-2020 12:37:46,44.709124,-62.82037505,G0164456.JPG,3,2,rock,0,0,1,PS,,Y
Kristina Boerder,Owls Head,10-08-2020 12:37:56,44.70907575,-62.82027444,G0164457.JPG,3,3,mixed,1,0.5,1,PS,,Y
Kristina Boerder,Owls Head,10-08-2020 12:38:06,44.70904755,-62.82020519,G0164458.JPG,3,3,mixed,0,0,1,PS,few dead eelgrass shoots,Y
Kristina Boerder,Owls Head,10-08-2020 12:38:16,44.70902003,-62.82006185,G0164459.JPG,3,3,mixed,1,0.5,1,PS,,Y
Kristina Boerder,Owls Head,10-08-2020 12:38:26,44.70899734,-62.81993396,G0164460.JPG,3,3,mixed,1,1,0,PS,,Y
Kristina Boerder,Owls Head,10-08-2020 12:38:36,44.7089808,-62.81981962,G0164461.JPG,3,2,rock,0,0,1,PS,,Y
Kristina Boerder,Owls Head,10-08-2020 12:38:46,44.70896359,-62.81971361,G0164462.JPG,3,3,mixed,0,0,1,PS,,Y
Kristina Boerder,Owls Head,10-08-2020 12:38:56,44.70895545,-62.8196051,G0164463.JPG,3,3,mixed,1,0.5,1,PS,,Y
Kristina Boerder,Owls Head,10-08-2020 12:39:06,44.7089463,-62.81946613,G0164464.JPG,3,3,rock,0,0,1,PS,,Y
Kristina Boerder,Owls Head,10-08-2020 12:39:16,44.70893042,-62.81931453,G0164465.JPG,3,3,soft,1,1,0,PS,,Y
Kristina Boerder,Owls Head,10-08-2020 12:39:26,44.70892443,-62.81917233,G0164466.JPG,3,3,mixed,1,0.5,1,PS,few dead eelgrass shoots,Y
Kristina Boerder,Owls Head,10-08-2020 12:39:36,44.7089335,-62.81904069,G0164467.JPG,3,3,mixed,1,2,1,PS,,Y
Kristina Boerder,Owls Head,10-08-2020 12:39:47,44.70895912,-62.81888069,G0164468.JPG,3,3,mixed,1,1,1,PS,Actual time 12:39:46 PM,Y
Kristina Boerder,Owls Head,10-08-2020 12:39:56,44.70899312,-62.81875431,G0164469.JPG,3,3,mixed,1,0,1,PS,,Y
Kristina Boerder,Owls Head,10-08-2020 12:40:06,44.70904916,-62.81862983,G0164470.JPG,3,3,mixed,1,1,1,PS,,Y
Kristina Boerder,Owls Head,10-08-2020 12:40:16,44.7090918,-62.8185325,G0164471.JPG,3,3,mixed,1,1,1,PS,,Y
Kristina Boerder,Owls Head,10-08-2020 12:40:26,44.70913494,-62.81843442,G0164472.JPG,3,3,mixed,1,1,1,PS,,Y
Kristina Boerder,Owls Head,10-08-2020 12:40:35,44.70917619,-62.81834093,G0164473.JPG,3,3,soft,0,0,0,PS,Actual time 12:40:36 PM,Y
Kristina Boerder,Owls Head,10-08-2020 12:40:45,44.70922196,-62.81824088,G0164474.JPG,3,3,soft,0,0,0,PS,Actual time 12:40:46 PM,Y
Kristina Boerder,Owls Head,10-08-2020 12:40:56,44.70929487,-62.81809377,G0164475.JPG,3,3,soft,0,0,0,PS,,Y
Kristina Boerder,Owls Head,10-08-2020 12:41:06,44.70931771,-62.81789064,G0164476.JPG,3,3,soft,0,0,0,PS,,Y
Kristina Boerder,Owls Head,10-08-2020 12:41:16,44.7093074,-62.81774168,G0164477.JPG,3,3,mixed,1,0.5,1,PS,,Y
Kristina Boerder,Owls Head,10-08-2020 12:41:26,44.70934384,-62.81760706,G0164478.JPG,3,3,soft,0,0,0,PS,,Y
Kristina Boerder,Owls Head,10-08-2020 12:41:35,44.7093788,-62.81750976,G0164479.JPG,3,3,mixed,0,0,1,PS,Actual time 12:41:36 PM,Y
Kristina Boerder,Owls Head,10-08-2020 12:41:46,44.70942363,-62.81739734,G0164480.JPG,3,3,mixed,0,0,1,PS,,Y
Kristina Boerder,Owls Head,10-08-2020 12:41:56,44.70946174,-62.81726718,G0164481.JPG,3,3,mixed,0,0,1,PS,few dead eelgrass shoots,Y
Kristina Boerder,Owls Head,10-08-2020 12:42:05,44.70950128,-62.81715623,G0164482.JPG,3,2,mixed,0,0,1,PS,"Actual time 12:42:06 PM, few dead eelgrass shoots",Y
Kristina Boerder,Owls Head,10-08-2020 12:42:16,44.70956843,-62.8170015,G0164483.JPG,3,3,soft,1,2,0,PS,,Y
Kristina Boerder,Owls Head,10-08-2020 12:42:26,44.70962671,-62.81686863,G0164484.JPG,3,3,mixed,1,1,1,PS,,Y
Kristina Boerder,Owls Head,10-08-2020 12:42:36,44.70967131,-62.81672715,G0164485.JPG,3,3,mixed,1,1,1,PS,some dead eelgrass,Y
Kristina Boerder,Owls Head,10-08-2020 12:42:47,44.70970073,-62.81660909,G0164486.JPG,3,3,mixed,1,4,1,PS,Actual time 12:42:46 PM,Y
Kristina Boerder,Owls Head,10-08-2020 12:42:54,44.70972322,-62.81657641,G0164487.JPG,3,3,soft,1,5,1,PS,"Actual time 12:42:56 PM, 100% eelgrass cover",Y
Kristina Boerder,Owls Head,10-08-2020 12:43:06,44.70982462,-62.81655732,G0164488.JPG,3,3,mixed,1,4,1,PS,,Y
Kristina Boerder,Owls Head,10-08-2020 12:43:15,44.70987873,-62.81657076,G0164489.JPG,3,3,mixed,1,4,1,PS,Actual time 12:43:16 PM,Y
Kristina Boerder,Owls Head,10-08-2020 12:43:26,44.70994849,-62.81663952,G0164490.JPG,3,3,mixed,0,0,1,PS,some dead eelgrass,Y
Kristina Boerder,Owls Head,10-08-2020 12:43:36,44.70998219,-62.81666881,G0164491.JPG,3,3,soft,1,0.5,1,PS,"fine brown algae mat, few widgeon grass likely",Y
Kristina Boerder,Owls Head,10-08-2020 12:43:44,44.71001476,-62.8167008,G0164492.JPG,3,3,mixed,1,0.5,1,PS,Actual time 12:43:46 PM,Y
Kristina Boerder,Owls Head,10-08-2020 12:43:56,44.71005047,-62.8166031,G0164493.JPG,3,3,mixed,1,1,1,PS,,Y
Kristina Boerder,Owls Head,10-08-2020 12:44:06,44.71000946,-62.81643409,G0164494.JPG,3,3,soft,1,4,0,PS,,Y
Kristina Boerder,Owls Head,10-08-2020 12:44:16,44.7099813,-62.81630966,G0164495.JPG,3,3,soft,1,5,0,PS,,Y
Kristina Boerder,Owls Head,10-08-2020 12:44:26,44.70995728,-62.81619467,G0164496.JPG,3,3,mixed,1,5,1,PS,,Y
Kristina Boerder,Owls Head,10-08-2020 12:44:36,44.70993112,-62.81607141,G0164497.JPG,3,3,soft,1,2,0,PS,some dead eelgrass,Y
Kristina Boerder,Owls Head,10-08-2020 12:44:46,44.70991451,-62.81596807,G0164498.JPG,3,2,mixed,1,4,1,PS,,Y
Kristina Boerder,Owls Head,10-08-2020 12:44:56,44.70990677,-62.81586963,G0164499.JPG,3,3,soft,1,2,0,PS,,Y
Kristina Boerder,Owls Head,10-08-2020 12:45:06,44.70988638,-62.81573818,G0164500.JPG,3,2,mixed,1,4,1,PS,,Y
Kristina Boerder,Owls Head,10-08-2020 12:45:16,44.70986151,-62.81561214,G0164501.JPG,3,2,mixed,1,1,1,PS,,Y
Kristina Boerder,Owls Head,10-08-2020 12:45:26,44.70982148,-62.8154791,G0164502.JPG,3,3,mixed,1,3,1,PS,some dead eelgrass,Y
Kristina Boerder,Owls Head,10-08-2020 12:45:35,44.7098263,-62.81543846,G0164503.JPG,3,3,mixed,1,3,1,PS,Actual time 12:45:36 PM,Y
Kristina Boerder,Owls Head,10-08-2020 12:45:46,44.70984495,-62.81541838,G0164504.JPG,3,3,mixed,1,3,1,PS,,Y
Kristina Boerder,Owls Head,10-08-2020 12:45:56,44.70984019,-62.81538481,G0164505.JPG,3,3,mixed,1,2,1,PS,,Y
Kristina Boerder,Owls Head,10-08-2020 12:46:06,44.70987697,-62.81533496,G0164506.JPG,3,3,mixed,1,4,1,PS,,Y
Kristina Boerder,Owls Head,10-08-2020 12:46:15,44.7099538,-62.81529178,G0164507.JPG,3,3,mixed,1,2,1,PS,Actual time 12:46:16 PM,Y
Kristina Boerder,Owls Head,10-08-2020 12:46:25,44.71002253,-62.81527864,G0164508.JPG,3,3,soft,1,5,0,PS,Actual time 12:46:26 PM,Y
Kristina Boerder,Owls Head,10-08-2020 12:46:36,44.71008795,-62.81524278,G0164509.JPG,3,3,mixed,1,4,1,PS,,Y
Kristina Boerder,Owls Head,10-08-2020 12:46:46,44.71016631,-62.81522064,G0164510.JPG,3,3,soft,1,4,0,PS,,Y
Kristina Boerder,Owls Head,10-08-2020 12:46:56,44.71022694,-62.81519519,G0164511.JPG,3,3,soft,1,5,0,PS,,Y
Kristina Boerder,Owls Head,10-08-2020 12:47:06,44.71031786,-62.81516109,G0164512.JPG,3,3,mixed,1,3,0,PS,,Y
Kristina Boerder,Owls Head,10-08-2020 12:47:18,44.71041973,-62.81513631,G0164513.JPG,3,3,mixed,1,2,0,PS,Actual time 12:47:16 PM,Y
Kristina Boerder,Owls Head,10-08-2020 12:47:25,44.71050278,-62.8150452,G0164514.JPG,3,3,soft,1,2,0,PS,Actual time 12:47:26 PM,Y
Kristina Boerder,Owls Head,10-08-2020 12:47:36,44.71057952,-62.81488393,G0164515.JPG,3,3,soft,1,5,0,PS,,Y
Kristina Boerder,Owls Head,10-08-2020 12:47:46,44.71062793,-62.81474162,G0164516.JPG,3,3,soft,1,5,0,PS,,Y
Kristina Boerder,Owls Head,10-08-2020 12:47:56,44.71070343,-62.81462282,G0164517.JPG,3,3,soft,1,5,0,PS,,Y
Kristina Boerder,Owls Head,10-08-2020 12:48:06,44.71076347,-62.81452319,G0164518.JPG,3,3,soft,1,5,0,PS,,Y
Kristina Boerder,Owls Head,10-08-2020 12:48:16,44.71080645,-62.81443006,G0164519.JPG,3,3,soft,1,5,0,PS,,Y
Kristina Boerder,Owls Head,10-08-2020 12:48:26,44.71081895,-62.81439793,G0164520.JPG,3,3,soft,1,5,0,PS,,Y
Kristina Boerder,Owls Head,10-08-2020 12:48:34,44.71082239,-62.8143607,G0164521.JPG,3,3,soft,1,5,0,PS,Actual time 12:48:36 PM,Y
Kristina Boerder,Owls Head,10-08-2020 12:48:46,44.71083115,-62.81433058,G0164522.JPG,3,3,soft,1,5,0,PS,,Y
Kristina Boerder,Owls Head,10-08-2020 12:48:56,44.7108701,-62.81420133,G0164523.JPG,3,3,soft,1,5,0,PS,,Y
Kristina Boerder,Owls Head,10-08-2020 12:49:06,44.71085414,-62.81402732,G0164524.JPG,3,3,soft,1,5,0,PS,,Y
Kristina Boerder,Owls Head,10-08-2020 12:49:16,44.71084148,-62.81389356,G0164525.JPG,3,3,soft,1,4,0,PS,,Y
Kristina Boerder,Owls Head,10-08-2020 12:49:26,44.71080603,-62.81376716,G0164526.JPG,3,3,soft,1,5,0,PS,,Y
Kristina Boerder,Owls Head,10-08-2020 12:49:36,44.71082568,-62.8136532,G0164527.JPG,3,3,soft,1,3,0,PS,,Y
Kristina Boerder,Owls Head,10-08-2020 12:49:46,44.71091381,-62.81356327,G0164528.JPG,3,3,mixed,1,5,0,PS,,Y
Kristina Boerder,Owls Head,10-08-2020 12:49:56,44.71103686,-62.81352256,G0164529.JPG,3,3,soft,1,2,0,PS,,Y
Kristina Boerder,Owls Head,10-08-2020 12:50:06,44.71115248,-62.81350548,G0164530.JPG,3,3,soft,1,1,0,PS,,Y
Kristina Boerder,Owls Head,10-08-2020 12:50:16,44.71128821,-62.81348594,G0164531.JPG,3,3,soft,1,0.5,0,PS,,Y
Kristina Boerder,Owls Head,10-08-2020 12:50:26,44.71141485,-62.81341792,G0164532.JPG,3,3,soft,1,1,0,PS,,Y
Kristina Boerder,Owls Head,10-08-2020 12:50:36,44.71155032,-62.81336053,G0164533.JPG,3,3,soft,1,2,0,PS,,Y
Kristina Boerder,Owls Head,10-08-2020 12:50:46,44.71168599,-62.81335975,G0164534.JPG,3,3,soft,1,1,0,PS,,Y
Kristina Boerder,Owls Head,10-08-2020 12:50:57,44.71182166,-62.81339498,G0164535.JPG,3,3,soft,1,2,0,PS,Actual time 12:50:56 PM,Y
Kristina Boerder,Owls Head,10-08-2020 12:51:06,44.71193155,-62.81342067,G0164536.JPG,3,3,mixed,1,2,1,PS,,Y
Kristina Boerder,Owls Head,10-08-2020 12:51:15,44.71200569,-62.81343777,G0164537.JPG,3,3,soft,1,1,0,PS,Actual time 12:51:16 PM,Y
Kristina Boerder,Owls Head,10-08-2020 12:51:26,44.71205919,-62.81343642,G0164538.JPG,3,3,soft,1,2,1,JT,small bits of macroalgae,Y
Kristina Boerder,Owls Head,10-08-2020 12:51:36,44.71211918,-62.8134345,G0164539.JPG,3,3,soft,1,2,0,JT,,Y
Kristina Boerder,Owls Head,10-08-2020 12:51:46,44.71216729,-62.81346033,G0164540.JPG,3,3,soft,1,2,0,JT,,Y
Kristina Boerder,Owls Head,10-08-2020 12:51:56,44.71219826,-62.81347551,G0164541.JPG,3,3,soft,1,3,1,JT,some small pieces of macroalgae but unsure if attached,Y
Kristina Boerder,Owls Head,10-08-2020 12:52:08,44.71222736,-62.81343717,G0164542.JPG,3,3,soft,1,3,0,JT,sparse coverage but lots of shoots; hard to tell if BB 2 or 3; actual time 12:52:06,Y
Kristina Boerder,Owls Head,10-08-2020 12:52:16,44.71224283,-62.81344817,G0164543.JPG,3,3,soft,1,2,0,JT,,Y
Kristina Boerder,Owls Head,10-08-2020 12:52:26,44.71228881,-62.81347049,G0164544.JPG,3,3,soft,1,1,0,JT,,Y
Kristina Boerder,Owls Head,10-08-2020 12:52:36,44.71237893,-62.8135208,G0164545.JPG,3,3,soft,1,2,0,JT,,Y
Kristina Boerder,Owls Head,10-08-2020 12:52:46,44.71245572,-62.81360014,G0164546.JPG,3,3,soft,1,2,0,JT,,Y
Kristina Boerder,Owls Head,10-08-2020 12:52:56,44.71252676,-62.8136327,G0164547.JPG,3,3,soft,1,1,0,JT,,Y
Kristina Boerder,Owls Head,10-08-2020 12:53:06,44.71261592,-62.81363111,G0164548.JPG,3,3,soft,1,0.5,0,JT,,Y
Kristina Boerder,Owls Head,10-08-2020 12:53:16,44.71268351,-62.81362154,G0164549.JPG,3,3,soft,1,3,0,JT,,Y
Kristina Boerder,Owls Head,10-08-2020 12:53:26,44.71274805,-62.81359847,G0164550.JPG,3,3,soft,1,3,0,JT,,Y
Kristina Boerder,Owls Head,10-08-2020 12:53:36,44.71281293,-62.81359433,G0164551.JPG,3,3,soft,1,1,0,JT,,Y
Kristina Boerder,Owls Head,10-08-2020 12:53:46,44.71288225,-62.81357166,G0164552.JPG,3,3,soft,1,3,0,JT,,Y
Kristina Boerder,Owls Head,10-08-2020 12:53:56,44.71295576,-62.81355996,G0164553.JPG,3,3,soft,1,2,0,JT,,Y
Kristina Boerder,Owls Head,10-08-2020 12:54:06,44.71302104,-62.81355661,G0164554.JPG,3,3,soft,1,4,0,JT,,Y
Kristina Boerder,Owls Head,10-08-2020 12:54:16,44.71306379,-62.81354252,G0164555.JPG,3,3,soft,1,3,1,JT,,Y
Kristina Boerder,Owls Head,10-08-2020 12:54:26,44.71311517,-62.81357029,G0164556.JPG,3,3,soft,1,3,0,PS,,Y
Kristina Boerder,Owls Head,10-08-2020 12:54:36,44.71314395,-62.81361068,G0164557.JPG,3,3,soft,1,2,0,PS,,Y
Kristina Boerder,Owls Head,10-08-2020 12:54:46,44.71319849,-62.81362232,G0164558.JPG,3,3,soft,1,3,0,PS,,Y
Kristina Boerder,Owls Head,10-08-2020 12:54:56,44.71328348,-62.8136017,G0164559.JPG,3,3,soft,1,2,0,PS,,Y
Kristina Boerder,Owls Head,10-08-2020 12:55:06,44.71335024,-62.81357635,G0164560.JPG,3,3,soft,1,5,0,PS,,Y
Kristina Boerder,Owls Head,10-08-2020 12:55:16,44.71339473,-62.81355586,G0164561.JPG,3,3,soft,1,5,0,PS,,Y
Kristina Boerder,Owls Head,10-08-2020 12:55:25,44.71344629,-62.81355886,G0164562.JPG,3,3,soft,1,3,0,PS,Actual time 12:55:26 PM,Y
Kristina Boerder,Owls Head,10-08-2020 12:55:36,44.71350447,-62.81355053,G0164563.JPG,3,3,soft,1,3,0,PS,,Y
Kristina Boerder,Owls Head,10-08-2020 12:55:46,44.71357734,-62.81353376,G0164564.JPG,3,3,soft,1,2,0,PS,,Y
Kristina Boerder,Owls Head,10-08-2020 12:55:56,44.71366176,-62.81349663,G0164565.JPG,3,3,soft,1,4,0,PS,,Y
Kristina Boerder,Owls Head,10-08-2020 12:56:06,44.71370742,-62.81347741,G0164566.JPG,3,3,soft,1,3,0,PS,,Y
Kristina Boerder,Owls Head,10-08-2020 12:56:16,44.71377177,-62.8134844,G0164567.JPG,3,3,soft,1,2,0,PS,,Y
Kristina Boerder,Owls Head,10-08-2020 12:56:26,44.71383542,-62.8134957,G0164568.JPG,3,3,soft,1,4,0,PS,,Y
Kristina Boerder,Owls Head,10-08-2020 12:56:35,44.71388191,-62.81346996,G0164569.JPG,3,3,soft,1,4,0,PS,Actual time 12:56:36 PM,Y
Kristina Boerder,Owls Head,10-08-2020 12:56:46,44.71394577,-62.8134352,G0164570.JPG,3,3,soft,1,2,0,PS,,Y
Kristina Boerder,Owls Head,10-08-2020 12:56:55,44.71399188,-62.81341462,G0164571.JPG,3,3,soft,1,3,0,PS,Actual time 12:56:56 PM,Y
Kristina Boerder,Owls Head,10-08-2020 12:57:07,44.71406009,-62.81340186,G0164572.JPG,3,3,soft,1,4,0,PS,Actual time 12:57:06 PM,Y
Kristina Boerder,Owls Head,10-08-2020 12:57:16,44.71411976,-62.81338826,G0164573.JPG,3,3,soft,1,0.5,0,PS,,Y
Kristina Boerder,Owls Head,10-08-2020 12:57:26,44.71417072,-62.81337197,G0164574.JPG,3,3,soft,0,0,0,PS,,Y
Kristina Boerder,Owls Head,10-08-2020 12:57:36,44.71426301,-62.8133599,G0164575.JPG,3,3,soft,1,1,0,PS,,Y
Kristina Boerder,Owls Head,10-08-2020 12:57:46,44.71436951,-62.81332839,G0164576.JPG,3,3,soft,1,2,0,PS,,Y
Kristina Boerder,Owls Head,10-08-2020 12:57:56,44.71449108,-62.81318894,G0164577.JPG,3,3,soft,1,0.5,0,PS,,Y
Kristina Boerder,Owls Head,10-08-2020 12:58:06,44.71458358,-62.81306145,G0164578.JPG,3,3,soft,1,0.5,0,PS,,Y
Kristina Boerder,Owls Head,10-08-2020 12:58:16,44.71467127,-62.81295309,G0164579.JPG,3,3,soft,1,0.5,0,PS,,Y
Kristina Boerder,Owls Head,10-08-2020 12:58:25,44.71474744,-62.8128686,G0164580.JPG,3,3,soft,0,0,1,PS,"Actual time 12:58:26 PM, some dead eelgrass",Y
Kristina Boerder,Owls Head,10-08-2020 12:58:36,44.71481604,-62.81278063,G0164581.JPG,3,3,soft,0,0,1,PS,some dead eelgrass,Y
Kristina Boerder,Owls Head,10-08-2020 12:58:46,44.7149068,-62.81272536,G0164582.JPG,3,3,soft,0,0,1,PS,some dead eelgrass,Y
Kristina Boerder,Owls Head,10-08-2020 12:58:55,44.71500681,-62.81269729,G0164583.JPG,3,3,soft,0,0,0,PS,"Actual time 12:58:56 PM, few dead eelgrass",Y
Kristina Boerder,Owls Head,10-08-2020 12:59:06,44.71510585,-62.81272626,G0164584.JPG,2,3,soft,0,0,0,PS,,Y
Kristina Boerder,Owls Head,10-08-2020 12:59:16,44.7152081,-62.81276604,G0164585.JPG,3,3,soft,0,0,0,PS,,Y
Kristina Boerder,Owls Head,10-08-2020 12:59:26,44.71530854,-62.81278626,G0164586.JPG,3,3,soft,0,0,0,PS,kelp present,Y
Kristina Boerder,Owls Head,10-08-2020 12:59:36,44.71540653,-62.81282883,G0164587.JPG,3,3,soft,0,0,0,PS,kelp present,Y
Kristina Boerder,Owls Head,10-08-2020 12:59:46,44.71548245,-62.81286305,G0164588.JPG,1,3,soft,NA,NA,NA,PS,,Y
Kristina Boerder,Owls Head,10-08-2020 12:59:56,44.71559565,-62.81291208,G0164589.JPG,2,3,soft,0,0,NA,PS,,Y
Kristina Boerder,Owls Head,10-08-2020 13:00:06,44.71568168,-62.81293176,G0164590.JPG,2,3,soft,0,0,0,PS,kelp present,Y
Kristina Boerder,Owls Head,10-08-2020 13:00:16,44.7157487,-62.8129591,G0164591.JPG,2,3,soft,0,0,0,PS,kelp present,Y
Kristina Boerder,Owls Head,10-08-2020 13:00:26,44.7157993,-62.8129758,G0164592.JPG,2,3,soft,0,0,0,PS,kelp present,Y
Kristina Boerder,Owls Head,10-08-2020 13:00:36,44.71586649,-62.81304515,G0164593.JPG,2,3,soft,0,0,0,PS,,Y
Kristina Boerder,Owls Head,10-08-2020 13:00:46,44.71595207,-62.81308084,G0164594.JPG,2,3,soft,0,0,0,PS,,Y
Kristina Boerder,Owls Head,10-08-2020 13:00:56,44.71600837,-62.81311506,G0164595.JPG,1,3,soft,NA,NA,NA,PS,,Y
Kristina Boerder,Owls Head,10-08-2020 13:01:06,44.71610429,-62.81320301,G0164596.JPG,3,3,mixed,0,0,0,PS,kelp present,Y
Kristina Boerder,Owls Head,10-08-2020 13:01:16,44.71619511,-62.81330402,G0164597.JPG,2,3,mixed,0,0,0,PS,kelp present,Y
Kristina Boerder,Owls Head,10-08-2020 13:01:25,44.71626975,-62.81335957,G0164598.JPG,1,3,NA,NA,NA,NA,PS,"Actual time 13:01:26, too deep/not clear enough to confidently ID cover type",Y
Kristina Boerder,Owls Head,10-08-2020 13:01:36,44.71637558,-62.8134301,G0164599.JPG,0,3,NA,NA,NA,NA,PS,too deep/not clear enough to confidently ID cover type,Y
Kristina Boerder,Owls Head,10-08-2020 13:01:45,44.71645947,-62.81349501,G0164600.JPG,2,3,soft,0,0,0,PS,Actual time 13:01:46 ,Y
Kristina Boerder,Owls Head,10-08-2020 13:01:56,44.71659396,-62.81358126,G0164601.JPG,2,3,soft,0,0,NA,PS,unsure about rockweed,Y
Kristina Boerder,Owls Head,10-08-2020 13:02:06,44.71666634,-62.81361206,G0164602.JPG,3,3,mixed,0,0,0,PS,,Y
Kristina Boerder,Owls Head,10-08-2020 13:02:16,44.71678556,-62.81365839,G0164603.JPG,1,3,NA,NA,NA,NA,PS,too dark/deep; not clear enough to ID cover type,Y
Kristina Boerder,Owls Head,10-08-2020 13:02:26,44.71692667,-62.81373359,G0164604.JPG,2,3,rock,0,0,0,PS,some large algae - possibly kelp?,Y
Kristina Boerder,Owls Head,10-08-2020 13:02:36,44.71709525,-62.81379409,G0164605.JPG,1,3,NA,NA,NA,NA,PS,too dark/deep; not clear enough to confidently ID cover type,Y
Kristina Boerder,Owls Head,10-08-2020 13:02:46,44.71722466,-62.8138275,G0164606.JPG,3,3,soft,0,0,0,PS,,Y
Kristina Boerder,Owls Head,10-08-2020 13:02:56,44.71739912,-62.81386688,G0164607.JPG,2,3,soft,0,0,0,PS,,Y
Kristina Boerder,Owls Head,10-08-2020 13:03:06,44.71754572,-62.81392237,G0164608.JPG,1,3,NA,NA,NA,NA,PS,,Y
Kristina Boerder,Owls Head,10-08-2020 13:03:16,44.71767466,-62.81398085,G0164609.JPG,0,3,NA,NA,NA,NA,PS,too deep to be confident about cover ID type,Y
Kristina Boerder,Owls Head,10-08-2020 13:03:26,44.71778862,-62.81406134,G0164610.JPG,0,3,NA,NA,NA,NA,PS,too deep to be confident about cover ID type,Y
Kristina Boerder,Owls Head,10-08-2020 13:03:37,44.71786504,-62.81419087,G0164611.JPG,0,3,NA,NA,NA,NA,PS,"Actual time 13:03:36, too deep to be confident about cover ID type",Y
Kristina Boerder,Owls Head,10-08-2020 13:03:46,44.71789714,-62.81425819,G0164612.JPG,0,3,NA,NA,NA,NA,PS,too deep to be confident about cover ID type,Y
Kristina Boerder,Owls Head,10-08-2020 13:03:57,44.71792664,-62.81435666,G0164613.JPG,0,3,NA,NA,NA,NA,PS,"Actual time 13:03:56, too deep to be confident about cover ID type",Y
Kristina Boerder,Owls Head,10-08-2020 13:04:06,44.71794368,-62.81444913,G0164614.JPG,1,3,soft,NA,NA,NA,PS,Not clear enough to confidently ID eelgrass and macroalgae,Y
Kristina Boerder,Owls Head,10-08-2020 13:04:16,44.71794875,-62.81452623,G0164615.JPG,3,3,soft,0,0,0,PS,,Y
Kristina Boerder,Owls Head,10-08-2020 13:04:26,44.71793848,-62.81462414,G0164616.JPG,2,3,soft,0,0,0,PS,,Y
Kristina Boerder,Owls Head,10-08-2020 13:04:36,44.7179495,-62.81469845,G0164617.JPG,2,3,soft,0,0,0,PS,,Y
Kristina Boerder,Owls Head,10-08-2020 13:04:46,44.71791832,-62.81474644,G0164618.JPG,3,3,soft,0,0,0,PS,,Y
Kristina Boerder,Owls Head,10-08-2020 13:04:56,44.71783941,-62.81480499,G0164619.JPG,3,3,soft,0,0,0,PS,,Y
Kristina Boerder,Owls Head,10-08-2020 13:05:06,44.71774644,-62.81481393,G0164620.JPG,3,3,soft,0,0,0,PS,,Y
Kristina Boerder,Owls Head,10-08-2020 13:05:16,44.7176284,-62.8148165,G0164621.JPG,2,3,soft,0,0,0,PS,,Y
Kristina Boerder,Owls Head,10-08-2020 13:05:26,44.71751269,-62.81481791,G0164622.JPG,3,2,soft,0,0,0,PS,,Y
Kristina Boerder,Owls Head,10-08-2020 13:05:36,44.71741912,-62.81482932,G0164623.JPG,3,2,soft,0,0,0,PS,,Y
Kristina Boerder,Owls Head,10-08-2020 13:05:46,44.71732207,-62.81482392,G0164624.JPG,3,2,soft,0,0,0,PS,Some dead eelgrass shoots,Y
Kristina Boerder,Owls Head,10-08-2020 13:05:56,44.71720541,-62.81480241,G0164625.JPG,3,2,soft,0,0,0,PS,Some dead eelgrass shoots,Y
Kristina Boerder,Owls Head,10-08-2020 13:06:06,44.717133,-62.81480547,G0164626.JPG,3,2,soft,0,0,0,PS,few dead eelgrass shoots,Y
Kristina Boerder,Owls Head,10-08-2020 13:06:16,44.71704753,-62.81481875,G0164627.JPG,3,2,soft,0,0,0,PS,few dead eelgrass shoots,Y
Kristina Boerder,Owls Head,10-08-2020 13:06:26,44.71700276,-62.8148439,G0164628.JPG,3,2,soft,0,0,0,PS,,Y
Kristina Boerder,Owls Head,10-08-2020 13:06:36,44.71697052,-62.81482761,G0164629.JPG,3,2,soft,0,0,0,PS,few dead solitary eelgrass shoots,Y
Kristina Boerder,Owls Head,10-08-2020 13:06:46,44.71692515,-62.81485049,G0164630.JPG,3,2,soft,0,0,0,PS,,Y
Kristina Boerder,Owls Head,10-08-2020 13:06:56,44.71688484,-62.81486264,G0164631.JPG,3,2,soft,0,0,0,PS,,Y
Kristina Boerder,Owls Head,10-08-2020 13:07:06,44.71686789,-62.8148952,G0164632.JPG,3,2,soft,0,0,0,PS,,Y
Kristina Boerder,Owls Head,10-08-2020 13:07:16,44.71682835,-62.81488764,G0164633.JPG,3,2,soft,0,0,0,PS,,Y
Kristina Boerder,Owls Head,10-08-2020 13:07:26,44.71678082,-62.81484569,G0164634.JPG,3,2,soft,0,0,1,PS,few dead solitary eelgrass shoots,Y
Kristina Boerder,Owls Head,10-08-2020 13:07:36,44.71674168,-62.81481146,G0164635.JPG,3,2,soft,0,0,0,PS,,Y
Kristina Boerder,Owls Head,10-08-2020 13:07:46,44.71668853,-62.8147587,G0164636.JPG,3,2,soft,0,0,1,PS,,Y
Kristina Boerder,Owls Head,10-08-2020 13:07:56,44.71663023,-62.81472032,G0164637.JPG,3,2,soft,0,0,0,PS,,Y
Kristina Boerder,Owls Head,10-08-2020 13:08:06,44.71659197,-62.81466972,G0164638.JPG,3,2,soft,0,0,0,PS,,Y
Kristina Boerder,Owls Head,10-08-2020 13:08:16,44.71655054,-62.8146313,G0164639.JPG,3,2,soft,0,0,0,PS,,Y
Kristina Boerder,Owls Head,10-08-2020 13:08:26,44.71649895,-62.81459419,G0164640.JPG,3,2,soft,0,0,0,PS,,Y
Kristina Boerder,Owls Head,10-08-2020 13:08:36,44.71647472,-62.81456861,G0164641.JPG,3,2,soft,0,0,0,PS,,Y
Kristina Boerder,Owls Head,10-08-2020 13:08:46,44.71640696,-62.81453333,G0164642.JPG,3,2,soft,0,0,0,PS,,Y
Kristina Boerder,Owls Head,10-08-2020 13:08:56,44.71634132,-62.81449339,G0164643.JPG,3,2,soft,0,0,0,PS,,Y
Kristina Boerder,Owls Head,10-08-2020 13:09:06,44.7162791,-62.81445064,G0164644.JPG,3,2,soft,0,0,0,PS,,Y
Kristina Boerder,Owls Head,10-08-2020 13:09:16,44.71619287,-62.81442052,G0164645.JPG,3,2,soft,0,0,0,PS,,Y
Kristina Boerder,Owls Head,10-08-2020 13:09:26,44.71610229,-62.81440091,G0164646.JPG,3,2,soft,0,0,0,PS,,Y
Kristina Boerder,Owls Head,10-08-2020 13:09:36,44.71602599,-62.81438187,G0164647.JPG,3,2,soft,0,0,0,PS,,Y
Kristina Boerder,Owls Head,10-08-2020 13:09:46,44.71597683,-62.81436415,G0164648.JPG,3,2,soft,0,0,0,PS,,Y
Kristina Boerder,Owls Head,10-08-2020 13:09:56,44.71591735,-62.81435138,G0164649.JPG,3,2,soft,0,0,0,PS,,Y
Kristina Boerder,Owls Head,10-08-2020 13:10:06,44.7158398,-62.81432625,G0164650.JPG,3,2,soft,0,0,0,PS,,Y
Kristina Boerder,Owls Head,10-08-2020 13:10:16,44.71575644,-62.81430624,G0164651.JPG,3,2,soft,0,0,0,PS,,Y
Kristina Boerder,Owls Head,10-08-2020 13:10:26,44.71566187,-62.81427556,G0164652.JPG,3,2,soft,0,0,0,PS,,Y
Kristina Boerder,Owls Head,10-08-2020 13:10:36,44.71554832,-62.81429063,G0164653.JPG,3,2,soft,0,0,0,PS,,Y
Kristina Boerder,Owls Head,10-08-2020 13:10:46,44.71545041,-62.81428883,G0164654.JPG,3,2,soft,1,0.1,0,PS,,Y
Kristina Boerder,Owls Head,10-08-2020 13:10:56,44.71537821,-62.81430196,G0164655.JPG,3,2,soft,0,0,0,PS,,Y
Kristina Boerder,Owls Head,10-08-2020 13:11:06,44.71529462,-62.81431317,G0164656.JPG,3,2,soft,0,0,0,PS,,Y
Kristina Boerder,Owls Head,10-08-2020 13:11:16,44.71521551,-62.81432495,G0164657.JPG,3,2,soft,1,0.1,0,PS,,Y
Kristina Boerder,Owls Head,10-08-2020 13:11:26,44.71512956,-62.814326,G0164658.JPG,3,2,soft,0,0,0,PS,,Y
Kristina Boerder,Owls Head,10-08-2020 13:11:36,44.71504814,-62.81433653,G0164659.JPG,3,2,soft,0,0,0,PS,,Y
Kristina Boerder,Owls Head,10-08-2020 13:11:46,44.71495906,-62.81433229,G0164660.JPG,3,2,soft,0,0,0,PS,,Y
Kristina Boerder,Owls Head,10-08-2020 13:11:56,44.71487429,-62.81434411,G0164661.JPG,3,2,soft,0,0,0,PS,,Y
Kristina Boerder,Owls Head,10-08-2020 13:12:06,44.71482067,-62.81432324,G0164662.JPG,3,2,soft,0,0,0,PS,,Y
Kristina Boerder,Owls Head,10-08-2020 13:12:16,44.71479633,-62.81430317,G0164663.JPG,3,2,soft,0,0,0,PS,,Y
Kristina Boerder,Owls Head,10-08-2020 13:12:26,44.71472976,-62.81430293,G0164664.JPG,3,2,soft,0,0,0,PS,,Y
Kristina Boerder,Owls Head,10-08-2020 13:12:36,44.71462831,-62.81430003,G0164665.JPG,3,2,soft,0,0,0,PS,,Y
Kristina Boerder,Owls Head,10-08-2020 13:12:46,44.71454246,-62.81426638,G0164666.JPG,3,2,soft,1,0.1,0,PS,,Y
Kristina Boerder,Owls Head,10-08-2020 13:12:56,44.7144846,-62.81424942,G0164667.JPG,3,2,soft,1,0.5,0,PS,,Y
Kristina Boerder,Owls Head,10-08-2020 13:13:06,44.71437931,-62.8142194,G0164668.JPG,3,2,soft,1,0.1,0,PS,,Y
Kristina Boerder,Owls Head,10-08-2020 13:13:16,44.71427071,-62.81421703,G0164669.JPG,3,2,soft,0,0,0,PS,,Y
Kristina Boerder,Owls Head,10-08-2020 13:13:26,44.71420151,-62.81421173,G0164670.JPG,3,2,soft,1,0.5,0,PS,,Y
Kristina Boerder,Owls Head,10-08-2020 13:13:36,44.71410582,-62.81420707,G0164671.JPG,3,2,soft,0,0,0,PS,,Y
Kristina Boerder,Owls Head,10-08-2020 13:13:46,44.71400789,-62.81420156,G0164672.JPG,3,2,soft,1,0.1,0,PS,,Y
Kristina Boerder,Owls Head,10-08-2020 13:13:56,44.71389781,-62.81421131,G0164673.JPG,3,2,soft,0,0,0,PS,,Y
Kristina Boerder,Owls Head,10-08-2020 13:14:06,44.71377946,-62.8142093,G0164674.JPG,3,2,soft,1,0.5,0,PS,,Y
Kristina Boerder,Owls Head,10-08-2020 13:14:16,44.71365743,-62.81421525,G0164675.JPG,3,2,soft,0,0,0,PS,,Y
Kristina Boerder,Owls Head,10-08-2020 13:14:27,44.71352703,-62.81419207,G0164676.JPG,3,2,soft,1,0.5,0,PS,Actual time 13:14:26,Y
Kristina Boerder,Owls Head,10-08-2020 13:14:36,44.71342464,-62.81418493,G0164677.JPG,3,2,soft,1,1,0,PS,,Y
Kristina Boerder,Owls Head,10-08-2020 13:14:46,44.71329673,-62.81421935,G0164678.JPG,3,2,soft,1,1,0,PS,,Y
Kristina Boerder,Owls Head,10-08-2020 13:14:56,44.71318154,-62.81426094,G0164679.JPG,3,2,soft,1,1,0,PS,,Y
Kristina Boerder,Owls Head,10-08-2020 13:15:04,44.71309182,-62.81427659,G0164680.JPG,3,3,mixed,1,1,1,PS,Actual time 13:15:06,Y
Kristina Boerder,Owls Head,10-08-2020 13:15:16,44.71294877,-62.8143224,G0164681.JPG,3,3,soft,1,2,0,PS,,Y
Kristina Boerder,Owls Head,10-08-2020 13:15:26,44.7128217,-62.8143573,G0164682.JPG,3,3,soft,1,2,0,PS,,Y
Kristina Boerder,Owls Head,10-08-2020 13:15:36,44.71270709,-62.81442498,G0164683.JPG,3,3,soft,1,2,0,PS,,Y
Kristina Boerder,Owls Head,10-08-2020 13:15:46,44.71260307,-62.81445449,G0164684.JPG,3,3,soft,1,3,0,PS,,Y
Kristina Boerder,Owls Head,10-08-2020 13:15:56,44.71248355,-62.81450003,G0164685.JPG,3,3,soft,1,3,0,PS,,Y
Kristina Boerder,Owls Head,10-08-2020 13:16:06,44.71237064,-62.81453964,G0164686.JPG,3,3,soft,1,2,0,PS,,Y
Kristina Boerder,Owls Head,10-08-2020 13:16:17,44.71224121,-62.81456039,G0164687.JPG,3,3,soft,1,2,0,PS,Actual time 13:16:16,Y
Kristina Boerder,Owls Head,10-08-2020 13:16:26,44.71213726,-62.81459309,G0164688.JPG,3,3,soft,1,3,0,PS,,Y
Kristina Boerder,Owls Head,10-08-2020 13:16:35,44.71203572,-62.81460668,G0164689.JPG,3,3,mixed,0,0,1,PS,Actual time 13:16:36,Y
Kristina Boerder,Owls Head,10-08-2020 13:16:47,44.71191091,-62.81469677,G0164690.JPG,3,2,mixed,1,1,1,PS,Actual time 13:16:46,Y
Kristina Boerder,Owls Head,10-08-2020 13:16:56,44.71181303,-62.81476701,G0164691.JPG,3,3,soft,1,0.1,0,PS,,Y
Kristina Boerder,Owls Head,10-08-2020 13:17:06,44.71171456,-62.81487031,G0164692.JPG,3,3,mixed,1,1,0,PS,,Y
Kristina Boerder,Owls Head,10-08-2020 13:17:15,44.71165252,-62.81495619,G0164693.JPG,3,3,soft,1,2,0,PS,Actual time 13:17:16,Y
Kristina Boerder,Owls Head,10-08-2020 13:17:27,44.71153359,-62.81508565,G0164694.JPG,3,3,soft,1,1,0,PS,Actual time 13:17:26,Y
Kristina Boerder,Owls Head,10-08-2020 13:17:36,44.7114451,-62.81516906,G0164695.JPG,3,3,soft,1,1,0,PS,,Y
Kristina Boerder,Owls Head,10-08-2020 13:17:46,44.71135733,-62.81528346,G0164696.JPG,3,3,soft,1,0.1,0,PS,,Y
Kristina Boerder,Owls Head,10-08-2020 13:17:55,44.71128584,-62.81535952,G0164697.JPG,3,3,soft,1,0.1,0,PS,Actual time 13:17:56,Y
Kristina Boerder,Owls Head,10-08-2020 13:18:06,44.71119405,-62.81547517,G0164698.JPG,3,3,mixed,0,0,1,PS,,Y
Kristina Boerder,Owls Head,10-08-2020 13:18:16,44.71110463,-62.81556528,G0164699.JPG,3,3,mixed,1,1,1,PS,,Y
Kristina Boerder,Owls Head,10-08-2020 13:18:28,44.71101799,-62.81566674,G0164700.JPG,3,3,mixed,1,0.1,1,PS,Actual time 13:18:26,Y
Kristina Boerder,Owls Head,10-08-2020 13:18:36,44.71095207,-62.81576795,G0164701.JPG,3,3,mixed,0,0,1,PS,,Y
Kristina Boerder,Owls Head,10-08-2020 13:18:46,44.71085957,-62.81585054,G0164702.JPG,3,3,soft,0,0,0,PS,,Y
Kristina Boerder,Owls Head,10-08-2020 13:18:56,44.71079296,-62.81598125,G0164703.JPG,3,2,soft,1,1,0,PS,crab seen,Y
Kristina Boerder,Owls Head,10-08-2020 13:19:06,44.71071818,-62.81608055,G0164704.JPG,3,2,soft,1,0.5,0,PS,crab,Y
Kristina Boerder,Owls Head,10-08-2020 13:19:16,44.71064496,-62.81622707,G0164705.JPG,3,2,soft,1,0.1,0,PS,,Y
Kristina Boerder,Owls Head,10-08-2020 13:19:26,44.71055695,-62.81633895,G0164706.JPG,2,2,soft,1,0.5,0,PS,,Y
Kristina Boerder,Owls Head,10-08-2020 13:19:34,44.71048302,-62.81642805,G0164707.JPG,3,2,soft,1,0.5,0,PS,Actual time 13:19:36,Y
Kristina Boerder,Owls Head,10-08-2020 13:19:48,44.71035718,-62.8165815,G0164708.JPG,3,2,soft,1,1,0,PS,Actual time 13:19:46,Y
Kristina Boerder,Owls Head,10-08-2020 13:19:56,44.71030396,-62.8166482,G0164709.JPG,3,2,soft,1,0.1,0,PS,,Y
Kristina Boerder,Owls Head,10-08-2020 13:20:06,44.71023843,-62.81675412,G0164710.JPG,3,2,soft,1,0.5,0,PS,,Y
Kristina Boerder,Owls Head,10-08-2020 13:20:17,44.71016818,-62.81689691,G0164711.JPG,3,3,soft,0,0,0,PS,Actual time 13:20:16,Y
Kristina Boerder,Owls Head,10-08-2020 13:20:26,44.71011253,-62.81703325,G0164712.JPG,3,3,mixed,1,0.5,1,PS,some dead eelgrass,Y
Kristina Boerder,Owls Head,10-08-2020 13:20:35,44.71005493,-62.8171857,G0164713.JPG,3,3,soft,1,0.5,0,PS,"Actual time 13:20:36, some dead eelgrass",Y
Kristina Boerder,Owls Head,10-08-2020 13:20:46,44.70998579,-62.81734252,G0164714.JPG,3,1,mixed,0,0,1,PS,,Y
Kristina Boerder,Owls Head,10-08-2020 13:20:56,44.709945,-62.81750314,G0164715.JPG,2,2,soft,1,0.1,0,PS,,Y
Kristina Boerder,Owls Head,10-08-2020 13:21:06,44.70990059,-62.81762526,G0164716.JPG,3,2,soft,1,0.1,0,PS,,Y
Kristina Boerder,Owls Head,10-08-2020 13:21:14,44.70985765,-62.81774159,G0164717.JPG,3,2,soft,1,0.1,1,PS,Actual time 13:21:16,Y
Kristina Boerder,Owls Head,10-08-2020 13:21:26,44.70979009,-62.81793763,G0164718.JPG,3,2,soft,0,0,1,PS,,Y
Kristina Boerder,Owls Head,10-08-2020 13:21:38,44.70972482,-62.81812539,G0164719.JPG,3,2,soft,0,0,0,PS,Actual time 13:21:36,Y
Kristina Boerder,Owls Head,10-08-2020 13:21:46,44.70968198,-62.81824754,G0164720.JPG,3,2,soft,0,0,0,PS,,Y
Kristina Boerder,Owls Head,10-08-2020 13:21:56,44.70962413,-62.81838872,G0164721.JPG,3,2,soft,1,0.5,0,PS,,Y
Kristina Boerder,Owls Head,10-08-2020 13:22:05,44.7095701,-62.81851836,G0164722.JPG,3,2,soft,0,0,0,PS,Actual time 13:22:06,Y
Kristina Boerder,Owls Head,10-08-2020 13:22:16,44.7095087,-62.81870433,G0164723.JPG,2,2,soft,0,0,0,PS,,Y
Kristina Boerder,Owls Head,10-08-2020 13:22:26,44.70945349,-62.81885958,G0164724.JPG,3,2,soft,0,0,0,PS,,Y
Kristina Boerder,Owls Head,10-08-2020 13:22:33,44.70943084,-62.81897578,G0164725.JPG,3,2,soft,0,0,0,PS,Actual time 13:22:36,Y
Kristina Boerder,Owls Head,10-08-2020 13:22:46,44.70939915,-62.81913055,G0164726.JPG,3,2,soft,0,0,0,PS,,Y
Kristina Boerder,Owls Head,10-08-2020 13:22:56,44.70936279,-62.819284,G0164727.JPG,3,2,soft,0,0,0,PS,,Y
Kristina Boerder,Owls Head,10-08-2020 13:23:06,44.70932913,-62.81944525,G0164728.JPG,3,2,soft,0,0,0,PS,,Y
Kristina Boerder,Owls Head,10-08-2020 13:23:16,44.70928767,-62.81961852,G0164729.JPG,2,2,soft,0,0,0,PS,,Y
Kristina Boerder,Owls Head,10-08-2020 13:23:26,44.70930077,-62.81977797,G0164730.JPG,3,2,soft,0,0,0,PS,,Y
Kristina Boerder,Owls Head,10-08-2020 13:23:37,44.70933489,-62.8199242,G0164731.JPG,2,2,soft,1,0.5,0,PS,Actual time 13:23:36,Y
Kristina Boerder,Owls Head,10-08-2020 13:23:46,44.70935658,-62.82007905,G0164732.JPG,3,2,soft,1,1,0,PS,,Y
Kristina Boerder,Owls Head,10-08-2020 13:23:56,44.70938498,-62.82025497,G0164733.JPG,3,2,soft,1,1,0,PS,,Y
Kristina Boerder,Owls Head,10-08-2020 13:24:06,44.70940359,-62.82041749,G0164734.JPG,2,2,mixed,0,0,1,PS,,Y
Kristina Boerder,Owls Head,10-08-2020 13:24:16,44.70940862,-62.82058449,G0164735.JPG,2,2,mixed,0,0,1,PS,,Y
Kristina Boerder,Owls Head,10-08-2020 13:24:28,44.70945426,-62.82077508,G0164736.JPG,2,2,soft,1,0.5,0,PS,Actual time 13:24:26,Y
Kristina Boerder,Owls Head,10-08-2020 13:24:36,44.70948302,-62.82091868,G0164737.JPG,2,2,soft,1,1,0,PS,,Y
Kristina Boerder,Owls Head,10-08-2020 13:24:46,44.70951561,-62.82108521,G0164738.JPG,2,2,soft,1,0.5,0,PS,,Y
Kristina Boerder,Owls Head,10-08-2020 13:24:56,44.70956822,-62.8212614,G0164739.JPG,2,2,soft,0,0,0,PS,,Y
Kristina Boerder,Owls Head,10-08-2020 13:25:06,44.70960262,-62.82141793,G0164740.JPG,3,2,soft,0,0,0,PS,,Y
Kristina Boerder,Owls Head,10-08-2020 13:25:16,44.70965018,-62.82156342,G0164741.JPG,3,2,soft,1,2,0,PS,,Y
Kristina Boerder,Owls Head,10-08-2020 13:25:26,44.70968806,-62.82170327,G0164742.JPG,3,2,soft,1,1,0,PS,,Y
Kristina Boerder,Owls Head,10-08-2020 13:25:36,44.70972687,-62.82181477,G0164743.JPG,2,2,soft,1,1,0,PS,,Y
Kristina Boerder,Owls Head,10-08-2020 13:25:46,44.70975113,-62.82196433,G0164744.JPG,2,2,soft,1,1,0,PS,,Y
Kristina Boerder,Owls Head,10-08-2020 13:25:56,44.70976341,-62.82213847,G0164745.JPG,2,2,soft,1,1,0,PS,,Y
Kristina Boerder,Owls Head,10-08-2020 13:26:06,44.70977011,-62.82230878,G0164746.JPG,2,2,soft,1,1,0,PS,,Y
Kristina Boerder,Owls Head,10-08-2020 13:26:16,44.7097935,-62.82246616,G0164747.JPG,3,2,soft,1,1,0,PS,,Y
Kristina Boerder,Owls Head,10-08-2020 13:26:25,44.70982486,-62.82261036,G0164748.JPG,2,2,soft,1,1,0,PS,Actual time 13:26:26,Y
Kristina Boerder,Owls Head,10-08-2020 13:26:36,44.7098335,-62.82278478,G0164749.JPG,2,2,soft,1,1,0,PS,,Y
Kristina Boerder,Owls Head,10-08-2020 13:26:46,44.70985619,-62.82292633,G0164750.JPG,2,2,soft,1,0.5,0,PS,,Y
Kristina Boerder,Owls Head,10-08-2020 13:26:56,44.70984476,-62.82308869,G0164751.JPG,2,2,soft,1,1,0,PS,,Y
Kristina Boerder,Owls Head,10-08-2020 13:27:06,44.70982283,-62.82325458,G0164752.JPG,3,2,soft,1,0.5,0,PS,,Y
Kristina Boerder,Owls Head,10-08-2020 13:27:16,44.70981644,-62.82341176,G0164753.JPG,2,2,mixed,1,0.5,1,PS,,Y
Kristina Boerder,Owls Head,10-08-2020 13:27:25,44.70982301,-62.82354717,G0164754.JPG,2,2,soft,1,1,0,PS,Actual time 13:27:26,Y
Kristina Boerder,Owls Head,10-08-2020 13:27:36,44.70984552,-62.82369381,G0164755.JPG,2,2,soft,1,1,0,PS,,Y
Kristina Boerder,Owls Head,10-08-2020 13:27:46,44.7098829,-62.8238206,G0164756.JPG,2,2,soft,1,1,0,PS,,Y
Kristina Boerder,Owls Head,10-08-2020 13:27:56,44.70991789,-62.82388658,G0164757.JPG,3,2,soft,1,4,0,PS,,Y
Kristina Boerder,Owls Head,10-08-2020 13:28:06,44.70993514,-62.82393709,G0164758.JPG,3,2,soft,1,3,0,PS,,Y
Kristina Boerder,Owls Head,10-08-2020 13:28:16,44.70998619,-62.82399129,G0164759.JPG,3,2,soft,1,4,0,PS,,Y
Kristina Boerder,Owls Head,10-08-2020 13:28:26,44.71004806,-62.82401142,G0164760.JPG,3,2,soft,1,3,0,PS,,Y
Kristina Boerder,Owls Head,10-08-2020 13:28:36,44.71011764,-62.82406212,G0164761.JPG,3,2,soft,1,2,0,PS,,Y
Kristina Boerder,Owls Head,10-08-2020 13:28:46,44.71017961,-62.82414391,G0164762.JPG,2,2,soft,1,1,0,PS,,Y
Kristina Boerder,Owls Head,10-08-2020 13:28:56,44.71020163,-62.82423869,G0164763.JPG,3,2,soft,1,1,0,PS,,Y
Kristina Boerder,Owls Head,10-08-2020 13:29:06,44.71020186,-62.8242874,G0164764.JPG,3,2,soft,1,4,0,PS,,Y
Kristina Boerder,Owls Head,10-08-2020 13:29:16,44.71019726,-62.8243992,G0164765.JPG,3,2,soft,1,3,0,PS,,Y
Kristina Boerder,Owls Head,10-08-2020 13:29:26,44.71015782,-62.8245307,G0164766.JPG,3,2,soft,1,3,0,PS,some dead eelgrass,Y
Kristina Boerder,Owls Head,10-08-2020 13:29:36,44.71014314,-62.82468067,G0164767.JPG,2,2,soft,1,1,0,PS,,Y
Kristina Boerder,Owls Head,10-08-2020 13:29:46,44.71011062,-62.82481156,G0164768.JPG,3,2,soft,1,1,0,PS,,Y
Kristina Boerder,Owls Head,10-08-2020 13:29:56,44.7101094,-62.82496804,G0164769.JPG,3,2,soft,1,0.1,0,PS,,Y
Kristina Boerder,Owls Head,10-08-2020 13:30:06,44.71008035,-62.82511966,G0164770.JPG,3,2,mixed,0,0,1,PS,,Y
Kristina Boerder,Owls Head,10-08-2020 13:30:16,44.71006126,-62.82519611,G0164771.JPG,3,2,soft,0,0,0,PS,,Y
Kristina Boerder,Owls Head,10-08-2020 13:30:24,44.71004369,-62.82530677,G0164772.JPG,3,2,mixed,1,0.1,1,PS,Actual time 13:30:26,Y
Kristina Boerder,Owls Head,10-08-2020 13:30:36,44.71000286,-62.82542614,G0164773.JPG,2,2,mixed,0,0,1,PS,,Y
Kristina Boerder,Owls Head,10-08-2020 13:30:46,44.70996765,-62.8255302,G0164774.JPG,3,2,mixed,0,0,0,PS,,Y
Kristina Boerder,Owls Head,10-08-2020 13:30:56,44.70994455,-62.8256023,G0164775.JPG,3,2,soft,0,0,0,PS,crab seen,Y
Kristina Boerder,Owls Head,10-08-2020 13:31:05,44.7099194,-62.82564273,G0164776.JPG,3,2,mixed,1,1,1,PS,Actual time 13:31:06,Y
Kristina Boerder,Owls Head,10-08-2020 13:31:16,44.70988217,-62.82577152,G0164777.JPG,3,2,soft,0,0,0,PS,,Y
Kristina Boerder,Owls Head,10-08-2020 13:31:26,44.70989647,-62.8258699,G0164778.JPG,3,2,soft,1,0.5,0,PS,,Y
Kristina Boerder,Owls Head,10-08-2020 13:31:36,44.70992462,-62.82590802,G0164779.JPG,3,2,soft,1,0.5,0,PS,,Y
Kristina Boerder,Owls Head,10-08-2020 13:31:45,44.70993129,-62.82591305,G0164780.JPG,3,2,soft,1,0.5,0,PS,Actual time 13:31:46,Y
Kristina Boerder,Owls Head,10-08-2020 13:35:22,44.71017504,-62.82742321,G0164784.JPG,3,3,soft,1,2,0,PS,,Y
Kristina Boerder,Owls Head,10-08-2020 13:35:32,44.71017563,-62.82743065,G0164785.JPG,3,3,soft,1,0.5,0,PS,,Y
Kristina Boerder,Owls Head,10-08-2020 13:35:41,44.71018951,-62.82744751,G0164786.JPG,3,3,mixed,1,4,1,PS,Actual time 13:35:42,Y
Kristina Boerder,Owls Head,10-08-2020 13:35:52,44.71017584,-62.82751765,G0164787.JPG,3,3,soft,1,3,0,PS,,Y
Kristina Boerder,Owls Head,10-08-2020 13:36:02,44.71015538,-62.82761111,G0164788.JPG,3,2,soft,1,5,0,PS,,Y
Kristina Boerder,Owls Head,10-08-2020 13:36:12,44.7101396,-62.8276903,G0164789.JPG,3,2,soft,1,5,0,PS,,Y
Kristina Boerder,Owls Head,10-08-2020 13:36:22,44.71011382,-62.82777898,G0164790.JPG,3,2,soft,1,5,0,PS,,Y
Kristina Boerder,Owls Head,10-08-2020 13:36:32,44.71012524,-62.82783001,G0164791.JPG,3,2,soft,1,5,0,PS,,Y
Kristina Boerder,Owls Head,10-08-2020 13:36:42,44.71017457,-62.82780582,G0164792.JPG,3,2,soft,1,5,0,PS,,Y
Kristina Boerder,Owls Head,10-08-2020 13:36:52,44.71023075,-62.82776925,G0164793.JPG,3,3,soft,1,5,0,PS,,Y
Kristina Boerder,Owls Head,10-08-2020 13:37:01,44.71025907,-62.8277293,G0164794.JPG,3,3,soft,1,4,0,PS,Actual time 13:37:02,Y
Kristina Boerder,Owls Head,10-08-2020 13:37:12,44.71029806,-62.82767942,G0164795.JPG,3,3,soft,1,5,0,PS,,Y
Kristina Boerder,Owls Head,10-08-2020 13:37:22,44.71035771,-62.82763885,G0164796.JPG,3,3,soft,1,5,0,PS,,Y
Kristina Boerder,Owls Head,10-08-2020 13:37:32,44.71044461,-62.8276584,G0164797.JPG,3,3,soft,1,3,0,PS,,Y
Kristina Boerder,Owls Head,10-08-2020 13:37:42,44.71050257,-62.82772654,G0164798.JPG,3,3,soft,1,2,0,PS,,Y
Kristina Boerder,Owls Head,10-08-2020 13:37:52,44.71050592,-62.82783497,G0164799.JPG,3,3,soft,1,3,0,PS,,Y
Kristina Boerder,Owls Head,10-08-2020 13:38:02,44.71043521,-62.82794076,G0164800.JPG,3,3,soft,1,2,0,PS,,Y
Kristina Boerder,Owls Head,10-08-2020 13:38:12,44.71036902,-62.82804641,G0164801.JPG,3,3,soft,1,4,0,PS,,Y
Kristina Boerder,Owls Head,10-08-2020 13:38:22,44.7103087,-62.8281255,G0164802.JPG,3,3,soft,1,4,0,PS,,Y
Kristina Boerder,Owls Head,10-08-2020 13:38:32,44.71022276,-62.8281896,G0164803.JPG,3,3,soft,1,5,0,PS,,Y
Kristina Boerder,Owls Head,10-08-2020 13:38:42,44.71014195,-62.82823782,G0164804.JPG,3,3,soft,1,5,0,PS,,Y
Kristina Boerder,Owls Head,10-08-2020 13:38:52,44.71007963,-62.82829395,G0164805.JPG,3,3,soft,1,3,0,PS,,Y
Kristina Boerder,Owls Head,10-08-2020 13:39:03,44.71004213,-62.82838296,G0164806.JPG,3,3,soft,1,5,0,PS,Actual time 13:39:02,Y
Kristina Boerder,Owls Head,10-08-2020 13:39:12,44.7100402,-62.82847993,G0164807.JPG,3,3,soft,1,3,0,PS,,Y
Kristina Boerder,Owls Head,10-08-2020 13:39:22,44.71004652,-62.82856137,G0164808.JPG,3,3,soft,1,5,0,PS,,Y
Kristina Boerder,Owls Head,10-08-2020 13:39:32,44.71003869,-62.82867629,G0164809.JPG,3,3,soft,1,4,0,PS,,Y
Kristina Boerder,Owls Head,10-08-2020 13:39:41,44.70998249,-62.82875029,G0164810.JPG,3,3,soft,1,3,0,PS,Actual time 13:39:42,Y
Kristina Boerder,Owls Head,10-08-2020 13:39:52,44.70991786,-62.82881346,G0164811.JPG,3,3,soft,1,5,0,PS,,Y
Kristina Boerder,Owls Head,10-08-2020 13:40:02,44.70989775,-62.82888064,G0164812.JPG,3,3,soft,1,5,0,PS,,Y
Kristina Boerder,Owls Head,10-08-2020 13:40:12,44.70994389,-62.82894143,G0164813.JPG,3,3,soft,1,4,0,PS,,Y
Kristina Boerder,Owls Head,10-08-2020 13:40:24,44.70998621,-62.82904703,G0164814.JPG,3,3,mixed,1,4,1,PS,Actual time 13:40:22,Y
Kristina Boerder,Owls Head,10-08-2020 13:40:32,44.70999343,-62.82912332,G0164815.JPG,3,2,mixed,1,1,1,PS,,Y
Kristina Boerder,Owls Head,10-08-2020 13:40:42,44.70993986,-62.82921673,G0164816.JPG,3,3,soft,1,5,0,PS,,Y
Kristina Boerder,Owls Head,10-08-2020 13:40:51,44.70986232,-62.8292408,G0164817.JPG,3,3,soft,1,5,0,PS,Actual time 13:40:52,Y
Kristina Boerder,Owls Head,10-08-2020 13:41:00,44.70977358,-62.82925886,G0164818.JPG,3,3,soft,1,5,1,PS,Actual time 13:41:02,Y
Kristina Boerder,Owls Head,10-08-2020 13:41:12,44.7097005,-62.82931946,G0164819.JPG,2,3,mixed,1,3,1,PS,,Y
Kristina Boerder,Owls Head,10-08-2020 13:41:22,44.70970409,-62.82941589,G0164820.JPG,3,3,soft,1,5,0,PS,,Y
Kristina Boerder,Owls Head,10-08-2020 13:41:32,44.70973541,-62.8295021,G0164821.JPG,3,3,soft,1,3,0,PS,,Y
Kristina Boerder,Owls Head,10-08-2020 13:41:42,44.70980422,-62.82960012,G0164822.JPG,3,3,soft,1,2,0,PS,,Y
Kristina Boerder,Owls Head,10-08-2020 13:41:52,44.70985569,-62.82968769,G0164823.JPG,3,3,mixed,1,3,1,PS,,Y
Kristina Boerder,Owls Head,10-08-2020 13:42:04,44.7099088,-62.82978033,G0164824.JPG,3,3,mixed,1,3,1,PS,Actual time 13:42:02,Y
Kristina Boerder,Owls Head,10-08-2020 13:42:12,44.70994923,-62.82988665,G0164825.JPG,3,3,soft,1,2,0,PS,,Y
Kristina Boerder,Owls Head,10-08-2020 13:42:22,44.71002991,-62.82999668,G0164826.JPG,3,3,soft,1,3,0,PS,,Y
Kristina Boerder,Owls Head,10-08-2020 13:42:32,44.71010007,-62.83005825,G0164827.JPG,3,3,mixed,1,2,0,PS,,Y
Kristina Boerder,Owls Head,10-08-2020 13:42:42,44.71015324,-62.83010762,G0164828.JPG,3,3,mixed,1,5,0,PS,,Y
Kristina Boerder,Owls Head,10-08-2020 13:42:52,44.71020189,-62.83015572,G0164829.JPG,3,3,soft,1,3,0,PS,,Y
Kristina Boerder,Owls Head,10-08-2020 13:43:02,44.71026895,-62.83026491,G0164830.JPG,3,3,soft,1,2,1,PS,,Y
Kristina Boerder,Owls Head,10-08-2020 13:43:12,44.71032784,-62.83031198,G0164831.JPG,3,3,mixed,1,2,1,PS,,Y
Kristina Boerder,Owls Head,10-08-2020 13:43:22,44.71035929,-62.83036806,G0164832.JPG,3,3,mixed,1,2,1,PS,,Y
Kristina Boerder,Owls Head,10-08-2020 13:43:32,44.71035577,-62.83036922,G0164833.JPG,3,3,mixed,1,1,1,PS,,Y
Kristina Boerder,Owls Head,10-08-2020 13:43:42,44.7104032,-62.83023378,G0164834.JPG,3,3,mixed,0,0,1,PS,,Y
Kristina Boerder,Owls Head,10-08-2020 13:43:52,44.71042657,-62.83012492,G0164835.JPG,3,3,mixed,1,1,1,PS,,Y
Kristina Boerder,Owls Head,10-08-2020 13:44:02,44.71046027,-62.8300265,G0164836.JPG,3,3,mixed,1,1,1,PS,,Y
Kristina Boerder,Owls Head,10-08-2020 13:44:12,44.71051056,-62.82995036,G0164837.JPG,2,3,rock,0,0,1,PS,,Y
Kristina Boerder,Owls Head,10-08-2020 13:44:22,44.71056659,-62.82982962,G0164838.JPG,3,3,mixed,0,0,1,PS,,Y
Kristina Boerder,Owls Head,10-08-2020 13:44:32,44.71057899,-62.82968671,G0164839.JPG,3,3,mixed,1,0.5,1,PS,,Y
Kristina Boerder,Owls Head,10-08-2020 13:44:42,44.71054712,-62.82963482,G0174840.JPG,3,3,soft,1,1,0,PS,,Y
Kristina Boerder,Owls Head,10-08-2020 13:44:52,44.71045403,-62.82973178,G0174841.JPG,3,3,soft,1,5,0,PS,,Y
Kristina Boerder,Owls Head,10-08-2020 13:45:02,44.71038868,-62.82983082,G0174842.JPG,2,3,soft,1,5,0,PS,,Y
Kristina Boerder,Owls Head,10-08-2020 13:45:12,44.71035938,-62.82992264,G0174843.JPG,3,3,soft,1,4,0,PS,,Y
Kristina Boerder,Owls Head,10-08-2020 13:45:22,44.71030344,-62.83004693,G0174844.JPG,3,3,soft,1,2,0,PS,,Y
Kristina Boerder,Owls Head,10-08-2020 13:45:32,44.71026486,-62.83014307,G0174845.JPG,3,3,soft,1,4,0,PS,,Y
Kristina Boerder,Owls Head,10-08-2020 13:45:42,44.71024542,-62.83026088,G0174846.JPG,3,3,soft,0,0,0,PS,,Y
Kristina Boerder,Owls Head,10-08-2020 13:45:52,44.71025818,-62.83032961,G0174847.JPG,3,3,soft,1,2,0,PS,,Y
Kristina Boerder,Owls Head,10-08-2020 13:46:02,44.71028359,-62.83040921,G0174848.JPG,3,3,soft,1,3,1,PS,,Y
Kristina Boerder,Owls Head,10-08-2020 13:46:12,44.71029499,-62.8305254,G0174849.JPG,3,3,mixed,1,1,1,PS,,Y
Kristina Boerder,Owls Head,10-08-2020 13:46:20,44.71030411,-62.83062422,G0174850.JPG,3,3,mixed,1,2,1,PS,Actual time 13:46:22,Y
Kristina Boerder,Owls Head,10-08-2020 13:46:32,44.71032829,-62.83082239,G0174851.JPG,3,3,rock,0,0,1,PS,,Y
Kristina Boerder,Owls Head,10-08-2020 13:46:42,44.71035164,-62.83095245,G0174852.JPG,3,3,mixed,1,0.1,1,PS,,Y
Kristina Boerder,Owls Head,10-08-2020 13:46:52,44.71035072,-62.8310587,G0174853.JPG,3,3,mixed,0,0,1,PS,,Y
Kristina Boerder,Owls Head,10-08-2020 13:47:02,44.71032483,-62.83121181,G0174854.JPG,3,3,soft,0,0,0,PS,,Y
Kristina Boerder,Owls Head,10-08-2020 13:47:12,44.71030172,-62.83139065,G0174855.JPG,2,3,soft,0,0,0,PS,,Y
Kristina Boerder,Owls Head,10-08-2020 13:47:22,44.7102874,-62.83155811,G0174856.JPG,3,3,soft,1,0.1,0,PS,,Y
Kristina Boerder,Owls Head,10-08-2020 13:47:32,44.71030929,-62.83167678,G0174857.JPG,3,3,soft,0,0,0,PS,,Y
Kristina Boerder,Owls Head,10-08-2020 13:47:42,44.71033369,-62.83180893,G0174858.JPG,2,3,mixed,1,1,0,PS,,Y
Kristina Boerder,Owls Head,10-08-2020 13:47:52,44.71036108,-62.83190905,G0174859.JPG,3,3,mixed,0,0,1,PS,,Y
Kristina Boerder,Owls Head,10-08-2020 13:48:02,44.71034408,-62.83206792,G0174860.JPG,3,3,mixed,0,0,1,PS,,Y
Kristina Boerder,Owls Head,10-08-2020 13:48:12,44.71022832,-62.8321501,G0174861.JPG,3,3,soft,0,0,0,PS,,Y
Kristina Boerder,Owls Head,10-08-2020 13:48:20,44.71013252,-62.83217328,G0174862.JPG,3,3,soft,0,0,0,PS,Actual time 13:48:22,Y
Kristina Boerder,Owls Head,10-08-2020 13:48:32,44.70997084,-62.83219481,G0174863.JPG,3,3,soft,0,0,0,PS,,Y
Kristina Boerder,Owls Head,10-08-2020 13:48:42,44.70983114,-62.8321935,G0174864.JPG,3,3,mixed,0,0,1,PS,,Y
Kristina Boerder,Owls Head,10-08-2020 13:48:52,44.70971742,-62.83223622,G0174865.JPG,3,3,rock,1,0.1,1,PS,,Y
Kristina Boerder,Owls Head,10-08-2020 13:49:02,44.70962435,-62.8322734,G0174866.JPG,2,3,rock,0,0,1,PS,,Y
Kristina Boerder,Owls Head,10-08-2020 13:49:12,44.70951874,-62.83232979,G0174867.JPG,3,3,rock,0,0,1,JT,,Y
Kristina Boerder,Owls Head,10-08-2020 13:49:21,44.70942045,-62.83238571,G0174868.JPG,3,3,mixed,1,0.5,1,JT,actual time 13:49:22,Y
Kristina Boerder,Owls Head,10-08-2020 13:49:32,44.70934046,-62.83245539,G0174869.JPG,3,3,mixed,1,1,1,JT,,Y
Kristina Boerder,Owls Head,10-08-2020 13:49:42,44.70927252,-62.83246897,G0174870.JPG,3,3,mixed,1,0.5,1,JT,,Y
Kristina Boerder,Owls Head,10-08-2020 13:49:52,44.70923236,-62.83249153,G0174871.JPG,2,3,mixed,0,0,1,PS,,Y
Kristina Boerder,Owls Head,10-08-2020 13:50:14,44.70918465,-62.83251307,G0174873.JPG,3,3,mixed,1,0.5,1,PS,Actual time 13:50:12,Y
Kristina Boerder,Owls Head,10-08-2020 13:50:22,44.70915877,-62.83248926,G0174874.JPG,3,3,mixed,1,1,1,PS,,Y
Kristina Boerder,Owls Head,10-08-2020 13:50:32,44.70909831,-62.83252711,G0174875.JPG,3,3,mixed,0,0,1,PS,,Y
Kristina Boerder,Owls Head,10-08-2020 13:50:42,44.7090082,-62.83261503,G0174876.JPG,3,3,mixed,1,1,1,PS,,Y
Kristina Boerder,Owls Head,10-08-2020 13:50:52,44.70892566,-62.83271993,G0174877.JPG,3,3,mixed,1,0.5,1,PS,,Y
Kristina Boerder,Owls Head,10-08-2020 13:51:02,44.70884921,-62.83279103,G0174878.JPG,3,3,rock,0,0,1,PS,,Y
Kristina Boerder,Owls Head,10-08-2020 13:51:12,44.70876583,-62.83286702,G0174879.JPG,3,3,rock,0,0,1,PS,,Y
Kristina Boerder,Owls Head,10-08-2020 13:51:22,44.70872698,-62.83291186,G0174880.JPG,3,3,rock,0,0,1,PS,,Y
Kristina Boerder,Owls Head,10-08-2020 13:51:32,44.708678,-62.83300933,G0174881.JPG,3,3,rock,1,1,1,PS,,Y
Kristina Boerder,Owls Head,10-08-2020 13:51:42,44.70860134,-62.83306197,G0174882.JPG,3,3,mixed,1,1,1,PS,,Y
Kristina Boerder,Owls Head,10-08-2020 13:51:52,44.70851151,-62.83310701,G0174883.JPG,2,3,soft,1,0.1,0,PS,,Y
Kristina Boerder,Owls Head,10-08-2020 13:52:02,44.70844509,-62.83318618,G0174884.JPG,3,3,mixed,1,2,1,PS,,Y
Kristina Boerder,Owls Head,10-08-2020 13:52:12,44.70837916,-62.83326126,G0174885.JPG,3,3,mixed,1,1,1,PS,,Y
Kristina Boerder,Owls Head,10-08-2020 13:52:22,44.70831916,-62.83332415,G0174886.JPG,3,3,mixed,1,0.5,0,PS,,Y
Kristina Boerder,Owls Head,10-08-2020 13:52:32,44.70824017,-62.83343004,G0174887.JPG,3,3,soft,1,1,0,PS,,Y
Kristina Boerder,Owls Head,10-08-2020 13:52:42,44.70818246,-62.83354101,G0174888.JPG,3,3,soft,1,1,0,PS,,Y
Kristina Boerder,Owls Head,10-08-2020 13:52:52,44.70811079,-62.83365356,G0174889.JPG,3,3,soft,1,1,0,PS,,Y
Kristina Boerder,Owls Head,10-08-2020 13:53:01,44.70804787,-62.83376254,G0174890.JPG,3,3,soft,1,1,0,PS,Actual time 13:53:02,Y
Kristina Boerder,Owls Head,10-08-2020 13:53:12,44.70800967,-62.83387038,G0174891.JPG,3,3,soft,1,2,0,PS,,Y
Kristina Boerder,Owls Head,10-08-2020 13:53:22,44.7079984,-62.83392346,G0174892.JPG,3,3,soft,1,3,0,PS,,Y
Kristina Boerder,Owls Head,10-08-2020 13:53:32,44.70798027,-62.83395289,G0174893.JPG,3,3,soft,1,4,0,PS,,Y
Kristina Boerder,Owls Head,10-08-2020 13:53:42,44.70800519,-62.83402233,G0174894.JPG,3,3,soft,1,2,0,PS,,Y
Kristina Boerder,Owls Head,10-08-2020 13:53:52,44.708051,-62.83407416,G0174895.JPG,3,3,soft,1,5,0,PS,,Y
Kristina Boerder,Owls Head,10-08-2020 13:54:02,44.70810766,-62.83413683,G0174896.JPG,3,3,mixed,1,2,1,PS,,Y
Kristina Boerder,Owls Head,10-08-2020 13:54:12,44.70816528,-62.83418945,G0174897.JPG,3,3,mixed,1,4,1,PS,,Y
Kristina Boerder,Owls Head,10-08-2020 13:54:22,44.70821085,-62.83425995,G0174898.JPG,3,3,mixed,0,0,1,PS,,Y
Kristina Boerder,Owls Head,10-08-2020 13:54:32,44.7082498,-62.83436897,G0174899.JPG,3,3,mixed,1,1,1,PS,,Y
Kristina Boerder,Owls Head,10-08-2020 13:54:42,44.70823978,-62.83442362,G0174900.JPG,3,3,soft,1,0.5,0,PS,,Y
Kristina Boerder,Owls Head,10-08-2020 13:54:51,44.70815869,-62.83444728,G0174901.JPG,3,3,soft,1,3,0,PS,Actual time 13:54:52,Y
Kristina Boerder,Owls Head,10-08-2020 13:55:02,44.70806364,-62.83441564,G0174902.JPG,3,2,soft,1,5,0,PS,,Y
Kristina Boerder,Owls Head,10-08-2020 13:55:12,44.70801986,-62.83436286,G0174903.JPG,3,3,soft,1,4,0,PS,,Y
Kristina Boerder,Owls Head,10-08-2020 13:55:22,44.7079457,-62.83429921,G0174904.JPG,3,2,soft,1,5,0,PS,,Y
Kristina Boerder,Owls Head,10-08-2020 13:55:32,44.7078719,-62.83426568,G0174905.JPG,3,3,soft,1,4,0,PS,,Y
Kristina Boerder,Owls Head,10-08-2020 13:55:42,44.70779169,-62.83420732,G0174906.JPG,3,3,mixed,1,5,1,PS,,Y
Kristina Boerder,Owls Head,10-08-2020 13:55:52,44.70771853,-62.83415443,G0174907.JPG,3,3,soft,1,2,0,PS,,Y
Kristina Boerder,Owls Head,10-08-2020 13:56:02,44.70764445,-62.83411252,G0174908.JPG,3,3,soft,1,5,1,PS,,Y
Kristina Boerder,Owls Head,10-08-2020 13:56:12,44.7075727,-62.8340707,G0174909.JPG,3,3,soft,1,4,0,PS,,Y
Kristina Boerder,Owls Head,10-08-2020 13:56:22,44.70749067,-62.83404203,G0174910.JPG,3,3,soft,1,4,0,PS,,Y
Kristina Boerder,Owls Head,10-08-2020 13:56:32,44.70742034,-62.83401868,G0174911.JPG,3,3,soft,1,3,0,PS,,Y
Kristina Boerder,Owls Head,10-08-2020 13:56:42,44.70733816,-62.83399169,G0174912.JPG,3,3,soft,1,2,0,PS,,Y
Kristina Boerder,Owls Head,10-08-2020 13:56:52,44.70725683,-62.83397656,G0174913.JPG,3,3,soft,1,0.5,0,PS,,Y
Kristina Boerder,Owls Head,10-08-2020 13:57:02,44.70719436,-62.83395359,G0174914.JPG,3,3,soft,1,2,0,PS,,Y
Kristina Boerder,Owls Head,10-08-2020 13:57:12,44.70716566,-62.833955,G0174915.JPG,3,3,soft,1,0.5,0,PS,,Y
Kristina Boerder,Owls Head,10-08-2020 13:57:32,44.70716233,-62.83401593,G0174917.JPG,3,3,soft,1,0.5,0,PS,,Y
Kristina Boerder,Owls Head,10-08-2020 13:57:42,44.70715219,-62.83400849,G0174918.JPG,3,3,soft,1,0.5,0,PS,,Y
Kristina Boerder,Owls Head,10-08-2020 13:57:52,44.70721526,-62.83410622,G0174919.JPG,3,3,soft,1,1,0,PS,,Y
Kristina Boerder,Owls Head,10-08-2020 13:58:02,44.70728923,-62.83414448,G0174920.JPG,3,3,soft,1,0.5,0,PS,,Y
Kristina Boerder,Owls Head,10-08-2020 13:58:12,44.70736553,-62.83419006,G0174921.JPG,3,3,soft,1,3,0,PS,,Y
Kristina Boerder,Owls Head,10-08-2020 13:58:22,44.70743232,-62.83423697,G0174922.JPG,3,3,soft,1,2,0,PS,,Y
Kristina Boerder,Owls Head,10-08-2020 13:58:32,44.70748532,-62.83427595,G0174923.JPG,3,3,soft,1,4,0,PS,,Y
Kristina Boerder,Owls Head,10-08-2020 13:58:42,44.7075437,-62.83433496,G0174924.JPG,3,3,soft,1,4,0,PS,,Y
Kristina Boerder,Owls Head,10-08-2020 13:58:52,44.70761441,-62.83437433,G0174925.JPG,3,2,soft,1,5,0,PS,,Y
Kristina Boerder,Owls Head,10-08-2020 13:59:02,44.70766247,-62.8344315,G0174926.JPG,3,2,soft,1,5,0,PS,,Y
Kristina Boerder,Owls Head,10-08-2020 13:59:12,44.70771613,-62.83448727,G0174927.JPG,3,2,soft,1,5,0,PS,,Y
Kristina Boerder,Owls Head,10-08-2020 13:59:22,44.70777135,-62.83453023,G0174928.JPG,3,2,soft,1,5,0,PS,,Y
Kristina Boerder,Owls Head,10-08-2020 13:59:32,44.7078197,-62.83460072,G0174929.JPG,3,2,soft,1,5,0,PS,,Y
Kristina Boerder,Owls Head,10-08-2020 13:59:42,44.70785619,-62.83467334,G0174930.JPG,3,2,soft,1,5,0,PS,,Y
Kristina Boerder,Owls Head,10-08-2020 13:59:52,44.70788159,-62.83474918,G0174931.JPG,3,3,soft,1,5,0,PS,,Y
Kristina Boerder,Owls Head,10-08-2020 14:00:02,44.70791888,-62.83482192,G0174932.JPG,3,2,soft,1,5,0,PS,,Y
Kristina Boerder,Owls Head,10-08-2020 14:00:12,44.70794561,-62.83489171,G0174933.JPG,3,2,soft,1,5,0,PS,,Y
Kristina Boerder,Owls Head,10-08-2020 14:00:22,44.70796634,-62.83498201,G0174934.JPG,3,3,soft,1,1,0,PS,,Y
Kristina Boerder,Owls Head,10-08-2020 14:00:32,44.7079734,-62.83510968,G0174935.JPG,3,3,soft,1,1,0,PS,,Y
Kristina Boerder,Owls Head,10-08-2020 14:00:42,44.70798577,-62.83519958,G0174936.JPG,3,3,mixed,1,2,1,PS,,Y
Kristina Boerder,Owls Head,10-08-2020 14:00:52,44.70797301,-62.8352609,G0174937.JPG,3,3,mixed,1,1,1,PS,,Y
Kristina Boerder,Owls Head,10-08-2020 14:01:02,44.70797196,-62.83535125,G0174938.JPG,3,3,mixed,0,0,0,PS,,Y
Kristina Boerder,Owls Head,10-08-2020 14:01:12,44.7079917,-62.8354569,G0174939.JPG,3,3,soft,NA,NA,0,PS,could be some live shoots but not confident,Y
Kristina Boerder,Owls Head,10-08-2020 14:01:22,44.70800105,-62.83553293,G0174940.JPG,3,3,soft,NA,NA,0,PS,could be some live shoots but not confident,Y
Kristina Boerder,Owls Head,10-08-2020 14:01:32,44.70803203,-62.83563057,G0174941.JPG,3,3,soft,1,1,0,PS,,Y
Kristina Boerder,Owls Head,10-08-2020 14:01:42,44.70805783,-62.83572969,G0174942.JPG,3,3,mixed,0,0,1,PS,few dead eelgrass,Y
Kristina Boerder,Owls Head,10-08-2020 14:01:52,44.70808842,-62.83584108,G0174943.JPG,3,3,soft,0,0,0,PS,,Y
Kristina Boerder,Owls Head,10-08-2020 14:02:02,44.70812147,-62.8359105,G0174944.JPG,3,3,soft,1,2,0,PS,,Y
Kristina Boerder,Owls Head,10-08-2020 14:02:12,44.70815469,-62.83595297,G0174945.JPG,3,1,soft,1,5,0,PS,,Y
Kristina Boerder,Owls Head,10-08-2020 14:02:22,44.7081653,-62.83602427,G0174946.JPG,3,3,soft,1,3,0,PS,,Y
Kristina Boerder,Owls Head,10-08-2020 14:02:32,44.70813451,-62.83607441,G0174947.JPG,3,3,soft,1,2,0,PS,,Y
Kristina Boerder,Owls Head,10-08-2020 14:02:42,44.70807016,-62.83606513,G0174948.JPG,3,3,soft,1,2,0,PS,,Y
Kristina Boerder,Owls Head,10-08-2020 14:02:52,44.70803745,-62.83601978,G0174949.JPG,3,3,soft,1,2,0,PS,,Y
Kristina Boerder,Owls Head,10-08-2020 14:03:02,44.70799297,-62.83596488,G0174950.JPG,3,3,soft,1,3,0,PS,,Y
Kristina Boerder,Owls Head,10-08-2020 14:03:12,44.70793954,-62.83587814,G0174951.JPG,3,3,soft,1,2,0,PS,,Y
Kristina Boerder,Owls Head,10-08-2020 14:03:22,44.70788984,-62.83579437,G0174952.JPG,3,3,soft,1,2,0,PS,,Y
Kristina Boerder,Owls Head,10-08-2020 14:03:32,44.70781027,-62.83569006,G0174953.JPG,3,3,soft,1,2,0,PS,,Y
Kristina Boerder,Owls Head,10-08-2020 14:03:42,44.70774352,-62.83558844,G0174954.JPG,3,3,soft,1,4,0,PS,some dead eelgrass,Y
Kristina Boerder,Owls Head,10-08-2020 14:03:52,44.70767823,-62.83547702,G0174955.JPG,3,3,soft,1,3,0,PS,,Y
Kristina Boerder,Owls Head,10-08-2020 14:04:02,44.70763541,-62.83539664,G0174956.JPG,3,3,soft,1,4,0,PS,,Y
Kristina Boerder,Owls Head,10-08-2020 14:04:12,44.7076052,-62.83532809,G0174957.JPG,3,3,soft,1,5,0,PS,,Y
Kristina Boerder,Owls Head,10-08-2020 14:04:22,44.70753268,-62.83522592,G0174958.JPG,3,3,soft,1,5,1,PS,,Y
Kristina Boerder,Owls Head,10-08-2020 14:04:32,44.70745095,-62.83511854,G0174959.JPG,3,3,soft,1,1,0,PS,,Y
Kristina Boerder,Owls Head,10-08-2020 14:04:42,44.70739487,-62.83502068,G0174960.JPG,3,2,soft,1,4,0,PS,,Y
Kristina Boerder,Owls Head,10-08-2020 14:04:52,44.7073556,-62.83495173,G0174961.JPG,3,3,soft,1,5,0,PS,,Y
Kristina Boerder,Owls Head,10-08-2020 14:05:02,44.70730373,-62.83483626,G0174962.JPG,3,3,mixed,1,3,1,PS,,Y
Kristina Boerder,Owls Head,10-08-2020 14:05:12,44.70722152,-62.83472175,G0174963.JPG,3,3,soft,1,2,0,PS,,Y
Kristina Boerder,Owls Head,10-08-2020 14:05:22,44.707136,-62.83460271,G0174964.JPG,3,3,soft,1,1,0,PS,,Y
Kristina Boerder,Owls Head,10-08-2020 14:05:32,44.70706159,-62.83450508,G0174965.JPG,3,2,soft,1,5,0,PS,,Y
Kristina Boerder,Owls Head,10-08-2020 14:05:42,44.70698822,-62.83443943,G0174966.JPG,3,3,soft,1,3,0,PS,,Y
Kristina Boerder,Owls Head,10-08-2020 14:05:52,44.70690947,-62.83440962,G0174967.JPG,3,3,soft,1,2,0,PS,,Y
Kristina Boerder,Owls Head,10-08-2020 14:06:02,44.70684842,-62.83444433,G0174968.JPG,3,3,soft,0,0,0,PS,,Y
Kristina Boerder,Owls Head,10-08-2020 14:06:12,44.70683341,-62.83457804,G0174969.JPG,3,3,soft,0,0,0,PS,,Y
Kristina Boerder,Owls Head,10-08-2020 14:06:22,44.7068937,-62.83468756,G0174970.JPG,3,3,soft,0,0,0,PS,,Y
Kristina Boerder,Owls Head,10-08-2020 14:06:32,44.70696699,-62.83480654,G0174971.JPG,3,3,soft,0,0,0,PS,,Y
Kristina Boerder,Owls Head,10-08-2020 14:06:42,44.70702574,-62.83495045,G0174972.JPG,3,3,soft,1,1,0,PS,,Y
Kristina Boerder,Owls Head,10-08-2020 14:06:52,44.70709437,-62.83510339,G0174973.JPG,3,3,soft,0,0,0,PS,,Y
Kristina Boerder,Owls Head,10-08-2020 14:07:02,44.70714554,-62.83525951,G0174974.JPG,3,3,soft,0,0,0,PS,,Y
Kristina Boerder,Owls Head,10-08-2020 14:07:12,44.70720465,-62.8353868,G0174975.JPG,3,3,soft,1,1,0,PS,,Y
Kristina Boerder,Owls Head,10-08-2020 14:07:22,44.70724366,-62.83549725,G0174976.JPG,3,3,soft,1,1,0,PS,,Y
Kristina Boerder,Owls Head,10-08-2020 14:07:32,44.70728181,-62.83564114,G0174977.JPG,3,3,soft,0,0,0,PS,,Y
Kristina Boerder,Owls Head,10-08-2020 14:07:42,44.70733544,-62.83580366,G0174978.JPG,3,3,soft,0,0,0,PS,,Y
Kristina Boerder,Owls Head,10-08-2020 14:07:52,44.70737247,-62.83590462,G0174979.JPG,3,3,soft,0,0,0,PS,,Y
Kristina Boerder,Owls Head,10-08-2020 14:08:02,44.70739405,-62.83598023,G0174980.JPG,3,3,soft,1,0.5,0,PS,,Y
Kristina Boerder,Owls Head,10-08-2020 14:08:12,44.7074273,-62.83605415,G0174981.JPG,3,3,soft,1,1,0,PS,,Y
Kristina Boerder,Owls Head,10-08-2020 14:08:22,44.70744153,-62.83606266,G0174982.JPG,3,3,soft,1,2,0,PS,,Y
Kristina Boerder,Owls Head,10-08-2020 14:08:32,44.70745555,-62.83610828,G0174983.JPG,3,3,soft,1,1,0,PS,,Y
Kristina Boerder,Owls Head,10-08-2020 14:08:42,44.70748123,-62.83617175,G0174984.JPG,3,3,soft,1,2,0,PS,,Y
Kristina Boerder,Owls Head,10-08-2020 14:08:52,44.70751067,-62.83624689,G0174985.JPG,3,3,soft,1,2,0,PS,,Y
Kristina Boerder,Owls Head,10-08-2020 14:09:02,44.70752655,-62.83630201,G0174986.JPG,3,3,soft,1,1,0,PS,,Y
Kristina Boerder,Owls Head,10-08-2020 14:09:12,44.70754298,-62.83639634,G0174987.JPG,3,3,soft,1,0.5,0,PS,,Y
Kristina Boerder,Owls Head,10-08-2020 14:09:22,44.70756383,-62.83647612,G0174988.JPG,3,3,soft,1,2,0,PS,,Y
Kristina Boerder,Owls Head,10-08-2020 14:09:32,44.70757939,-62.83654496,G0174989.JPG,3,3,soft,1,1,0,PS,,Y
Kristina Boerder,Owls Head,10-08-2020 14:09:42,44.70760186,-62.8366407,G0174990.JPG,3,3,soft,1,2,0,PS,,Y
Kristina Boerder,Owls Head,10-08-2020 14:09:52,44.70761987,-62.83670421,G0174991.JPG,3,3,soft,1,2,0,PS,,Y
Kristina Boerder,Owls Head,10-08-2020 14:10:02,44.70765583,-62.83676474,G0174992.JPG,3,3,soft,1,3,0,PS,,Y
Kristina Boerder,Owls Head,10-08-2020 14:10:12,44.70769963,-62.83680592,G0174993.JPG,3,3,soft,1,3,0,PS,,Y
Kristina Boerder,Owls Head,10-08-2020 14:10:22,44.70773189,-62.83683498,G0174994.JPG,3,3,soft,1,3,0,PS,,Y
Kristina Boerder,Owls Head,10-08-2020 14:10:42,44.70778234,-62.83686877,G0174996.JPG,3,3,soft,1,3,0,PS,,Y
Kristina Boerder,Owls Head,10-08-2020 14:10:52,44.70783046,-62.83689798,G0174997.JPG,3,3,soft,1,3,0,PS,,Y
Kristina Boerder,Owls Head,10-08-2020 14:11:02,44.70786735,-62.83690613,G0174998.JPG,3,3,soft,1,4,0,PS,,Y
Kristina Boerder,Owls Head,10-08-2020 14:11:12,44.70789063,-62.83692515,G0174999.JPG,3,2,soft,1,5,0,PS,,Y
Kristina Boerder,Owls Head,10-08-2020 14:11:22,44.70793459,-62.83694911,G0175000.JPG,3,3,soft,1,5,0,PS,,Y
Kristina Boerder,Owls Head,10-08-2020 14:11:32,44.70799967,-62.83698339,G0175001.JPG,3,3,soft,1,3,0,PS,few dead eelgrass,Y
Kristina Boerder,Owls Head,10-08-2020 14:11:42,44.70805481,-62.83701118,G0175002.JPG,3,3,soft,1,2,0,PS,,Y
Kristina Boerder,Owls Head,10-08-2020 14:11:52,44.70811476,-62.83704189,G0175003.JPG,3,3,soft,1,3,0,PS,,Y
Kristina Boerder,Owls Head,10-08-2020 14:12:02,44.70817404,-62.83710693,G0175004.JPG,3,3,soft,1,2,0,PS,,Y
Kristina Boerder,Owls Head,10-08-2020 14:12:12,44.70822217,-62.83716953,G0175005.JPG,3,3,soft,1,2,0,PS,,Y
Kristina Boerder,Owls Head,10-08-2020 14:12:22,44.70826607,-62.83726818,G0175006.JPG,3,3,soft,0,0,0,PS,,Y
Kristina Boerder,Owls Head,10-08-2020 14:12:32,44.70829357,-62.83730111,G0175007.JPG,3,3,soft,1,0.5,0,PS,,Y
Kristina Boerder,Owls Head,10-08-2020 14:12:42,44.70827721,-62.83737029,G0175008.JPG,3,3,soft,0,0,0,PS,,Y
Kristina Boerder,Owls Head,10-08-2020 14:12:52,44.70824992,-62.83740821,G0175009.JPG,3,3,soft,0,0,0,PS,some dead eelgrass,Y
Kristina Boerder,Owls Head,10-08-2020 14:13:02,44.70818543,-62.83739938,G0175010.JPG,3,3,soft,1,0.5,0,PS,,Y
Kristina Boerder,Owls Head,10-08-2020 14:13:12,44.70811196,-62.83734076,G0175011.JPG,3,3,soft,1,2,0,PS,,Y
Kristina Boerder,Owls Head,10-08-2020 14:13:22,44.70805613,-62.83726503,G0175012.JPG,3,3,soft,1,4,0,PS,,Y
"COMPLETE, CHECK COMPLETED 28Jan21",,,,,,,,,,,,,,
