"","eventDate","eventID","decimalLatitude","decimalLongitude","location","image.filename","image.quality","est.cam.height","substrate","image.coder","notes","QC.review"
"1","2020-07-17T09:28:57Z","2020-07-17T09:28:57Z_EAC_Cole_Harbour_G0060213",44.65679388,-63.42011308,"Cole Harbour","G0060213",0,NA,NA,"A.O.","","A.D."
"2","2020-07-17T09:29:07Z","2020-07-17T09:29:07Z_EAC_Cole_Harbour_G0060214",44.65679422,-63.42026939,"Cole Harbour","G0060214",1,2,"Soft","A.O.","","A.D."
"3","2020-07-17T09:29:17Z","2020-07-17T09:29:17Z_EAC_Cole_Harbour_G0060215",44.65681357,-63.42042151,"Cole Harbour","G0060215",2,2,"Soft","A.O.","","A.D."
"4","2020-07-17T09:29:27Z","2020-07-17T09:29:27Z_EAC_Cole_Harbour_G0060216",44.65684508,-63.42055081,"Cole Harbour","G0060216",2,2,"Soft","A.O.","","A.D."
"5","2020-07-17T09:29:37Z","2020-07-17T09:29:37Z_EAC_Cole_Harbour_G0060217",44.6568793,-63.42070583,"Cole Harbour","G0060217",2,1,"Soft","A.O.","","A.D."
"6","2020-07-17T09:29:47Z","2020-07-17T09:29:47Z_EAC_Cole_Harbour_G0060218",44.65690294,-63.42083852,"Cole Harbour","G0060218",3,1,"Soft","A.O.","","A.D."
"7","2020-07-17T09:29:57Z","2020-07-17T09:29:57Z_EAC_Cole_Harbour_G0060219",44.65692607,-63.42091947,"Cole Harbour","G0060219",NA,NA,NA,"A.O.","","A.D."
"8","2020-07-17T09:30:07Z","2020-07-17T09:30:07Z_EAC_Cole_Harbour_G0060220",44.65694471,-63.42100877,"Cole Harbour","G0060220",NA,NA,NA,"A.O.","","A.D."
"9","2020-07-17T09:30:17Z","2020-07-17T09:30:17Z_EAC_Cole_Harbour_G0060221",44.657002,-63.42117582,"Cole Harbour","G0060221",3,2,"Soft","A.O.","","A.D."
"10","2020-07-17T09:30:28Z","2020-07-17T09:30:28Z_EAC_Cole_Harbour_G0060222",44.65704743,-63.42130779,"Cole Harbour","G0060222",3,1,"Soft","A.O.","Actual time of photo ""2020-07-17  6:30:27 AM""","A.D."
"11","2020-07-17T09:30:37Z","2020-07-17T09:30:37Z_EAC_Cole_Harbour_G0060223",44.65705806,-63.42140692,"Cole Harbour","G0060223",3,1,"Soft","A.O.","","A.D."
"12","2020-07-17T09:30:47Z","2020-07-17T09:30:47Z_EAC_Cole_Harbour_G0060224",44.65707847,-63.4214887,"Cole Harbour","G0060224",3,1,"Soft","A.O.","","A.D."
"13","2020-07-17T09:30:57Z","2020-07-17T09:30:57Z_EAC_Cole_Harbour_G0060225",44.65710417,-63.42156717,"Cole Harbour","G0060225",3,1,"Soft ","A.O.","","A.D."
"14","2020-07-17T09:31:07Z","2020-07-17T09:31:07Z_EAC_Cole_Harbour_G0060226",44.65712964,-63.42168215,"Cole Harbour","G0060226",3,1,"Soft","A.O.","","A.D."
"15","2020-07-17T09:31:17Z","2020-07-17T09:31:17Z_EAC_Cole_Harbour_G0060227",44.65715573,-63.42182069,"Cole Harbour","G0060227",3,1,"Soft","A.O.","","A.D."
"16","2020-07-17T09:31:27Z","2020-07-17T09:31:27Z_EAC_Cole_Harbour_G0060228",44.65716382,-63.42197371,"Cole Harbour","G0060228",1,1,"Soft","A.O.","","A.D."
"17","2020-07-17T09:31:37Z","2020-07-17T09:31:37Z_EAC_Cole_Harbour_G0060229",44.6571733,-63.422059,"Cole Harbour","G0060229",2,1,"Soft","A.O.","","A.D."
"18","2020-07-17T09:31:47Z","2020-07-17T09:31:47Z_EAC_Cole_Harbour_G0060230",44.65716215,-63.42214949,"Cole Harbour","G0060230",NA,NA,NA,"A.O.","","A.D."
"19","2020-07-17T09:31:57Z","2020-07-17T09:31:57Z_EAC_Cole_Harbour_G0060231",44.65714026,-63.42230552,"Cole Harbour","G0060231",2,2,"Soft","A.O.","","A.D."
"20","2020-07-17T09:32:07Z","2020-07-17T09:32:07Z_EAC_Cole_Harbour_G0060232",44.65711241,-63.42239992,"Cole Harbour","G0060232",3,2,"Soft","A.O.","","A.D."
"21","2020-07-17T09:32:21Z","2020-07-17T09:32:21Z_EAC_Cole_Harbour_G0060233",44.65730738,-63.42244509,"Cole Harbour","G0060233",3,2,"Soft","A.O.","Actual time of photo ""2020-07-17  6:32:17 AM""","A.D."
"22","2020-07-17T09:32:27Z","2020-07-17T09:32:27Z_EAC_Cole_Harbour_G0060234",44.65720405,-63.42255962,"Cole Harbour","G0060234",3,2,"Soft","A.O.","","A.D."
"23","2020-07-17T09:32:37Z","2020-07-17T09:32:37Z_EAC_Cole_Harbour_G0060235",44.65702915,-63.42273356,"Cole Harbour","G0060235",3,2,"Soft","A.O.","","A.D."
"24","2020-07-17T09:32:47Z","2020-07-17T09:32:47Z_EAC_Cole_Harbour_G0060236",44.65692809,-63.42278987,"Cole Harbour","G0060236",3,2,"Soft","A.O.","","A.D."
"25","2020-07-17T09:32:57Z","2020-07-17T09:32:57Z_EAC_Cole_Harbour_G0060237",44.65690791,-63.4228645,"Cole Harbour","G0060237",3,2,"Soft ","A.O.","","A.D."
"26","2020-07-17T09:33:07Z","2020-07-17T09:33:07Z_EAC_Cole_Harbour_G0060238",44.6568788,-63.42285617,"Cole Harbour","G0060238",3,2,"Soft","A.O.","","A.D."
"27","2020-07-17T09:33:17Z","2020-07-17T09:33:17Z_EAC_Cole_Harbour_G0060239",44.65687175,-63.42284555,"Cole Harbour","G0060239",3,1,"Soft ","A.O.","","A.D."
"28","2020-07-17T09:33:27Z","2020-07-17T09:33:27Z_EAC_Cole_Harbour_G0060240",44.65686564,-63.42283508,"Cole Harbour","G0060240",3,2,"Soft ","A.O.","","A.D."
"29","2020-07-17T09:33:37Z","2020-07-17T09:33:37Z_EAC_Cole_Harbour_G0060241",44.65684984,-63.42280638,"Cole Harbour","G0060241",3,3,"Soft ","A.O.","","A.D."
"30","2020-07-17T09:33:47Z","2020-07-17T09:33:47Z_EAC_Cole_Harbour_G0060242",44.65677702,-63.42275598,"Cole Harbour","G0060242",3,2,"Soft ","A.O.","","A.D."
"31","2020-07-17T09:33:57Z","2020-07-17T09:33:57Z_EAC_Cole_Harbour_G0060243",44.65669998,-63.42276211,"Cole Harbour","G0060243",3,1,"Soft ","A.O.","","A.D."
"32","2020-07-17T09:34:07Z","2020-07-17T09:34:07Z_EAC_Cole_Harbour_G0060244",44.65660579,-63.42279649,"Cole Harbour","G0060244",3,1,"Soft","A.O.","","A.D."
"33","2020-07-17T09:34:17Z","2020-07-17T09:34:17Z_EAC_Cole_Harbour_G0060245",44.65653351,-63.42288744,"Cole Harbour","G0060245",3,2,"Soft ","A.O.","","A.D."
"34","2020-07-17T09:34:27Z","2020-07-17T09:34:27Z_EAC_Cole_Harbour_G0060246",44.6564863,-63.42294566,"Cole Harbour","G0060246",3,1,"Soft ","A.O.","","A.D."
"35","2020-07-17T09:34:37Z","2020-07-17T09:34:37Z_EAC_Cole_Harbour_G0060247",44.65644312,-63.42301136,"Cole Harbour","G0060247",3,1,"Soft","A.O.","","A.D."
"36","2020-07-17T09:34:47Z","2020-07-17T09:34:47Z_EAC_Cole_Harbour_G0060248",44.65638133,-63.42308676,"Cole Harbour","G0060248",3,1,"Soft","A.O.","","A.D."
"37","2020-07-17T09:34:57Z","2020-07-17T09:34:57Z_EAC_Cole_Harbour_G0060249",44.65637007,-63.42308992,"Cole Harbour","G0060249",3,1,"Soft","A.O.","","A.D."
"38","2020-07-17T09:35:07Z","2020-07-17T09:35:07Z_EAC_Cole_Harbour_G0060250",44.65638057,-63.4232079,"Cole Harbour","G0060250",2,2,"Soft","A.O.","","A.D."
"39","2020-07-17T09:35:17Z","2020-07-17T09:35:17Z_EAC_Cole_Harbour_G0060251",44.65632513,-63.42337408,"Cole Harbour","G0060251",3,2,"Soft","A.O.","","A.D."
"40","2020-07-17T09:35:27Z","2020-07-17T09:35:27Z_EAC_Cole_Harbour_G0060252",44.65624924,-63.42347829,"Cole Harbour","G0060252",3,2,"Soft","A.O.","","A.D."
"41","2020-07-17T09:35:37Z","2020-07-17T09:35:37Z_EAC_Cole_Harbour_G0060253",44.6561733,-63.42356644,"Cole Harbour","G0060253",3,3,"Soft","A.O.","","A.D."
"42","2020-07-17T09:35:47Z","2020-07-17T09:35:47Z_EAC_Cole_Harbour_G0060254",44.65609336,-63.42362881,"Cole Harbour","G0060254",2,3,"Soft","A.O.","","A.D."
"43","2020-07-17T09:35:57Z","2020-07-17T09:35:57Z_EAC_Cole_Harbour_G0060255",44.65601811,-63.42368574,"Cole Harbour","G0060255",2,3,"Soft","A.O.","","A.D."
"44","2020-07-17T09:36:07Z","2020-07-17T09:36:07Z_EAC_Cole_Harbour_G0060256",44.65594231,-63.42373284,"Cole Harbour","G0060256",2,3,"Soft","A.O.","","A.D."
"45","2020-07-17T09:36:17Z","2020-07-17T09:36:17Z_EAC_Cole_Harbour_G0060257",44.65588781,-63.42376357,"Cole Harbour","G0060257",2,3,"Soft","A.O.","","A.D."
"46","2020-07-17T09:36:27Z","2020-07-17T09:36:27Z_EAC_Cole_Harbour_G0060258",44.65583679,-63.42379478,"Cole Harbour","G0060258",2,3,"Soft","A.O.","","A.D."
"47","2020-07-17T09:36:37Z","2020-07-17T09:36:37Z_EAC_Cole_Harbour_G0060259",44.65578968,-63.42381399,"Cole Harbour","G0060259",2,3,"Soft","A.O.","","A.D."
"48","2020-07-17T09:36:47Z","2020-07-17T09:36:47Z_EAC_Cole_Harbour_G0060260",44.65572701,-63.42384857,"Cole Harbour","G0060260",0,NA,NA,"A.O.","","A.D."
"49","2020-07-17T09:36:57Z","2020-07-17T09:36:57Z_EAC_Cole_Harbour_G0060261",44.65565348,-63.42399534,"Cole Harbour","G0060261",0,NA,NA,"A.O.","","A.D."
"50","2020-07-17T09:37:07Z","2020-07-17T09:37:07Z_EAC_Cole_Harbour_G0060262",44.65559186,-63.42417617,"Cole Harbour","G0060262",1,2,"Soft ","A.O.","","A.D."
"51","2020-07-17T09:37:17Z","2020-07-17T09:37:17Z_EAC_Cole_Harbour_G0060263",44.65553847,-63.42434283,"Cole Harbour","G0060263",2,2,"Soft ","A.O.","","A.D."
"52","2020-07-17T09:37:27Z","2020-07-17T09:37:27Z_EAC_Cole_Harbour_G0060264",44.65550011,-63.42455315,"Cole Harbour","G0060264",3,2,"Soft ","A.O.","","A.D."
"53","2020-07-17T09:37:37Z","2020-07-17T09:37:37Z_EAC_Cole_Harbour_G0060265",44.65547148,-63.42474543,"Cole Harbour","G0060265",3,2,"Soft ","A.O.","","A.D."
"54","2020-07-17T09:37:47Z","2020-07-17T09:37:47Z_EAC_Cole_Harbour_G0060266",44.65546861,-63.42492444,"Cole Harbour","G0060266",3,2,"Soft ","A.O.","","A.D."
"55","2020-07-17T09:37:57Z","2020-07-17T09:37:57Z_EAC_Cole_Harbour_G0060267",44.65546312,-63.42508071,"Cole Harbour","G0060267",3,2,"Soft ","A.O.","","A.D."
"56","2020-07-17T09:38:07Z","2020-07-17T09:38:07Z_EAC_Cole_Harbour_G0060268",44.65548774,-63.42522364,"Cole Harbour","G0060268",3,1,"Soft ","A.O.","","A.D."
"57","2020-07-17T09:38:17Z","2020-07-17T09:38:17Z_EAC_Cole_Harbour_G0060269",44.6555322,-63.42535525,"Cole Harbour","G0060269",3,1,"Soft ","A.O.","","A.D."
"58","2020-07-17T09:38:27Z","2020-07-17T09:38:27Z_EAC_Cole_Harbour_G0060270",44.65557833,-63.42542651,"Cole Harbour","G0060270",3,1,"Soft ","A.O.","","A.D."
"59","2020-07-17T09:38:37Z","2020-07-17T09:38:37Z_EAC_Cole_Harbour_G0060271",44.65565056,-63.42557294,"Cole Harbour","G0060271",3,1,"Soft ","A.O.","","A.D."
"60","2020-07-17T09:38:47Z","2020-07-17T09:38:47Z_EAC_Cole_Harbour_G0060272",44.65570337,-63.42573588,"Cole Harbour","G0060272",3,1,"Soft ","A.O.","","A.D."
"61","2020-07-17T09:38:57Z","2020-07-17T09:38:57Z_EAC_Cole_Harbour_G0060273",44.65573167,-63.42591318,"Cole Harbour","G0060273",2,1,"Soft ","A.O.","","A.D."
"62","2020-07-17T09:39:07Z","2020-07-17T09:39:07Z_EAC_Cole_Harbour_G0060274",44.65573483,-63.42598274,"Cole Harbour","G0060274",NA,NA,NA,"A.O.","","A.D."
"63","2020-07-17T09:39:17Z","2020-07-17T09:39:17Z_EAC_Cole_Harbour_G0060275",44.65575284,-63.42604521,"Cole Harbour","G0060275",NA,NA,NA,"A.O.","","A.D."
"64","2020-07-17T09:39:27Z","2020-07-17T09:39:27Z_EAC_Cole_Harbour_G0060276",44.65578057,-63.42616807,"Cole Harbour","G0060276",NA,NA,NA,"A.O.","","A.D."
"65","2020-07-17T09:39:37Z","2020-07-17T09:39:37Z_EAC_Cole_Harbour_G0060277",44.65581636,-63.42628553,"Cole Harbour","G0060277",NA,NA,NA,"A.O.","","A.D."
"66","2020-07-17T09:39:47Z","2020-07-17T09:39:47Z_EAC_Cole_Harbour_G0060278",44.65584328,-63.42641451,"Cole Harbour","G0060278",NA,NA,NA,"A.O.","","A.D."
"67","2020-07-17T09:39:57Z","2020-07-17T09:39:57Z_EAC_Cole_Harbour_G0060279",44.65588193,-63.42653254,"Cole Harbour","G0060279",NA,NA,NA,"A.O.","","A.D."
"68","2020-07-17T09:40:07Z","2020-07-17T09:40:07Z_EAC_Cole_Harbour_G0060280",44.65594672,-63.42665763,"Cole Harbour","G0060280",NA,NA,NA,"A.O.","","A.D."
"69","2020-07-17T09:40:17Z","2020-07-17T09:40:17Z_EAC_Cole_Harbour_G0060281",44.65596369,-63.42684591,"Cole Harbour","G0060281",NA,NA,NA,"A.O.","","A.D."
"70","2020-07-17T09:40:27Z","2020-07-17T09:40:27Z_EAC_Cole_Harbour_G0060282",44.65594573,-63.42704233,"Cole Harbour","G0060282",NA,NA,NA,"A.O.","","A.D."
"71","2020-07-17T09:40:37Z","2020-07-17T09:40:37Z_EAC_Cole_Harbour_G0060283",44.65590228,-63.42722105,"Cole Harbour","G0060283",NA,NA,NA,"A.O.","","A.D."
"72","2020-07-17T09:40:47Z","2020-07-17T09:40:47Z_EAC_Cole_Harbour_G0060284",44.65584207,-63.42743243,"Cole Harbour","G0060284",NA,NA,NA,"A.O.","","A.D."
"73","2020-07-17T09:40:57Z","2020-07-17T09:40:57Z_EAC_Cole_Harbour_G0060285",44.65579672,-63.4275975,"Cole Harbour","G0060285",NA,NA,NA,"A.O.","","A.D."
"74","2020-07-17T09:41:07Z","2020-07-17T09:41:07Z_EAC_Cole_Harbour_G0060286",44.65570996,-63.42775073,"Cole Harbour","G0060286",NA,NA,NA,"A.O.","","A.D."
"75","2020-07-17T09:41:17Z","2020-07-17T09:41:17Z_EAC_Cole_Harbour_G0060287",44.65561453,-63.42789894,"Cole Harbour","G0060287",NA,NA,NA,"A.O.","","A.D."
"76","2020-07-17T09:41:27Z","2020-07-17T09:41:27Z_EAC_Cole_Harbour_G0060288",44.65548401,-63.42801342,"Cole Harbour","G0060288",NA,NA,NA,"A.O.","","A.D."
"77","2020-07-17T09:41:37Z","2020-07-17T09:41:37Z_EAC_Cole_Harbour_G0060289",44.65538041,-63.42811164,"Cole Harbour","G0060289",NA,NA,NA,"A.O.","","A.D."
"78","2020-07-17T09:41:47Z","2020-07-17T09:41:47Z_EAC_Cole_Harbour_G0060290",44.65529234,-63.42821536,"Cole Harbour","G0060290",NA,NA,NA,"A.O.","","A.D."
"79","2020-07-17T09:41:57Z","2020-07-17T09:41:57Z_EAC_Cole_Harbour_G0060291",44.65518624,-63.42832659,"Cole Harbour","G0060291",NA,NA,NA,"A.O.","","A.D."
"80","2020-07-17T09:42:07Z","2020-07-17T09:42:07Z_EAC_Cole_Harbour_G0060292",44.65508429,-63.42845373,"Cole Harbour","G0060292",NA,NA,NA,"A.O.","","A.D."
"81","2020-07-17T09:42:17Z","2020-07-17T09:42:17Z_EAC_Cole_Harbour_G0060293",44.65497824,-63.42858387,"Cole Harbour","G0060293",NA,NA,NA,"A.O.","","A.D."
"82","2020-07-17T09:42:27Z","2020-07-17T09:42:27Z_EAC_Cole_Harbour_G0060294",44.65488523,-63.42871505,"Cole Harbour","G0060294",NA,NA,NA,"A.O.","","A.D."
"83","2020-07-17T09:42:37Z","2020-07-17T09:42:37Z_EAC_Cole_Harbour_G0060295",44.65479883,-63.42886758,"Cole Harbour","G0060295",NA,NA,NA,"A.O.","","A.D."
"84","2020-07-17T09:42:47Z","2020-07-17T09:42:47Z_EAC_Cole_Harbour_G0060296",44.65474216,-63.42904888,"Cole Harbour","G0060296",NA,NA,NA,"A.O.","","A.D."
"85","2020-07-17T09:42:57Z","2020-07-17T09:42:57Z_EAC_Cole_Harbour_G0060297",44.65471777,-63.42914276,"Cole Harbour","G0060297",NA,NA,NA,"A.O.","","A.D."
"86","2020-07-17T09:43:06Z","2020-07-17T09:43:06Z_EAC_Cole_Harbour_G0060298",44.65468198,-63.42915444,"Cole Harbour","G0060298",2,2,"Soft","A.O.","Actual Time of Photo ""2020-07-17  6:43:07 AM""","A.D."
"87","2020-07-17T09:43:17Z","2020-07-17T09:43:17Z_EAC_Cole_Harbour_G0060299",44.65465641,-63.42918142,"Cole Harbour","G0060299",0,NA,NA,"A.O.","","A.D."
"88","2020-07-17T09:43:27Z","2020-07-17T09:43:27Z_EAC_Cole_Harbour_G0060300",44.65471895,-63.42921,"Cole Harbour","G0060300",2,2,"Soft ","A.O.","Some eelgrass present but difficult to Score","A.D."
"89","2020-07-17T09:43:37Z","2020-07-17T09:43:37Z_EAC_Cole_Harbour_G0060301",44.6548048,-63.42928476,"Cole Harbour","G0060301",2,2,"Soft ","A.O.","Some eelgrass present but difficult to Score","A.D."
"90","2020-07-17T09:43:47Z","2020-07-17T09:43:47Z_EAC_Cole_Harbour_G0060302",44.65489061,-63.42935512,"Cole Harbour","G0060302",3,2,"Soft ","A.O.","","A.D."
"91","2020-07-17T09:43:57Z","2020-07-17T09:43:57Z_EAC_Cole_Harbour_G0060303",44.65501451,-63.42945802,"Cole Harbour","G0060303",3,1,"Soft ","A.O.","","A.D."
"92","2020-07-17T09:44:07Z","2020-07-17T09:44:07Z_EAC_Cole_Harbour_G0060304",44.6551418,-63.4295513,"Cole Harbour","G0060304",3,1,"Soft ","A.O.","","A.D."
"93","2020-07-17T09:44:17Z","2020-07-17T09:44:17Z_EAC_Cole_Harbour_G0060305",44.65526325,-63.42963709,"Cole Harbour","G0060305",3,1,"Soft ","A.O.","","A.D."
"94","2020-07-17T09:44:27Z","2020-07-17T09:44:27Z_EAC_Cole_Harbour_G0060306",44.65539291,-63.4297308,"Cole Harbour","G0060306",3,1,"Soft ","A.O.","","A.D."
"95","2020-07-17T09:44:37Z","2020-07-17T09:44:37Z_EAC_Cole_Harbour_G0060307",44.65551977,-63.42979769,"Cole Harbour","G0060307",3,1,"Soft ","A.O.","","A.D."
"96","2020-07-17T09:44:47Z","2020-07-17T09:44:47Z_EAC_Cole_Harbour_G0060308",44.6556343,-63.42986566,"Cole Harbour","G0060308",3,1,"Soft ","A.O.","","A.D."
"97","2020-07-17T09:44:57Z","2020-07-17T09:44:57Z_EAC_Cole_Harbour_G0060309",44.65577174,-63.42995774,"Cole Harbour","G0060309",3,2,"Soft ","A.O.","Some eelgrass present but difficult to Score","A.D."
"98","2020-07-17T09:45:07Z","2020-07-17T09:45:07Z_EAC_Cole_Harbour_G0060310",44.65588248,-63.43000067,"Cole Harbour","G0060310",3,2,"Soft ","A.O.","","A.D."
"99","2020-07-17T09:45:17Z","2020-07-17T09:45:17Z_EAC_Cole_Harbour_G0060311",44.65599022,-63.43004845,"Cole Harbour","G0060311",3,2,"Soft ","A.O.","","A.D."
"100","2020-07-17T09:45:27Z","2020-07-17T09:45:27Z_EAC_Cole_Harbour_G0060312",44.65611719,-63.43011535,"Cole Harbour","G0060312",3,2,"Soft ","A.O.","Some eelgrass present but difficult to Score","A.D."
"101","2020-07-17T09:45:37Z","2020-07-17T09:45:37Z_EAC_Cole_Harbour_G0060313",44.65625043,-63.43017471,"Cole Harbour","G0060313",1,2,"Soft ","A.O.","Some eelgrass present but difficult to Score","A.D."
"102","2020-07-17T09:45:47Z","2020-07-17T09:45:47Z_EAC_Cole_Harbour_G0060314",44.65636092,-63.43022249,"Cole Harbour","G0060314",3,1,"Soft ","A.O.","","A.D."
"103","2020-07-17T09:45:57Z","2020-07-17T09:45:57Z_EAC_Cole_Harbour_G0060315",44.65643334,-63.43025323,"Cole Harbour","G0060315",3,1,"Soft ","A.O.","","A.D."
"104","2020-07-17T09:46:07Z","2020-07-17T09:46:07Z_EAC_Cole_Harbour_G0060316",44.65649961,-63.43029704,"Cole Harbour","G0060316",3,3,"Soft ","A.O.","","A.D."
"105","2020-07-17T09:46:17Z","2020-07-17T09:46:17Z_EAC_Cole_Harbour_G0060317",44.6565616,-63.43033284,"Cole Harbour","G0060317",3,3,"Soft ","A.O.","","A.D."
"106","2020-07-17T09:46:27Z","2020-07-17T09:46:27Z_EAC_Cole_Harbour_G0060318",44.65660253,-63.43037334,"Cole Harbour","G0060318",3,3,"Soft ","A.O.","","A.D."
"107","2020-07-17T09:46:37Z","2020-07-17T09:46:37Z_EAC_Cole_Harbour_G0060319",44.65662895,-63.43038687,"Cole Harbour","G0060319",3,2,"Soft ","A.O.","Possible Widgeon grass at the bottom?","A.D."
"108","2020-07-17T09:46:47Z","2020-07-17T09:46:47Z_EAC_Cole_Harbour_G0060320",44.65663893,-63.43039988,"Cole Harbour","G0060320",3,1,"Soft ","A.O.","","A.D."
"109","2020-07-17T09:46:57Z","2020-07-17T09:46:57Z_EAC_Cole_Harbour_G0060321",44.65665926,-63.43042082,"Cole Harbour","G0060321",3,2,"Soft ","A.O.","","A.D."
"110","2020-07-17T09:47:07Z","2020-07-17T09:47:07Z_EAC_Cole_Harbour_G0060322",44.65667665,-63.43043013,"Cole Harbour","G0060322",3,3,"Soft ","A.O.","","A.D."
"111","2020-07-17T09:47:17Z","2020-07-17T09:47:17Z_EAC_Cole_Harbour_G0060323",44.65668727,-63.4304449,"Cole Harbour","G0060323",3,3,"Soft ","A.O.","","A.D."
"112","2020-07-17T09:47:27Z","2020-07-17T09:47:27Z_EAC_Cole_Harbour_G0060324",44.65670625,-63.43046182,"Cole Harbour","G0060324",3,2,"Soft ","A.O.","","A.D."
"113","2020-07-17T09:47:37Z","2020-07-17T09:47:37Z_EAC_Cole_Harbour_G0060325",44.65682315,-63.43053325,"Cole Harbour","G0060325",3,3,"Soft ","A.O.","","A.D."
"114","2020-07-17T09:47:47Z","2020-07-17T09:47:47Z_EAC_Cole_Harbour_G0060326",44.65694504,-63.43057831,"Cole Harbour","G0060326",3,3,"Soft ","A.O.","","A.D."
"115","2020-07-17T09:47:57Z","2020-07-17T09:47:57Z_EAC_Cole_Harbour_G0060327",44.65705584,-63.43060103,"Cole Harbour","G0060327",3,2,"Soft ","A.O.","","A.D."
"116","2020-07-17T09:48:07Z","2020-07-17T09:48:07Z_EAC_Cole_Harbour_G0060328",44.65715637,-63.43065169,"Cole Harbour","G0060328",3,2,"Soft ","A.O.","","A.D."
"117","2020-07-17T09:48:17Z","2020-07-17T09:48:17Z_EAC_Cole_Harbour_G0060329",44.65726577,-63.43069249,"Cole Harbour","G0060329",3,2,"Soft ","A.O.","","A.D."
"118","2020-07-17T09:48:27Z","2020-07-17T09:48:27Z_EAC_Cole_Harbour_G0060330",44.65738413,-63.43077715,"Cole Harbour","G0060330",3,2,"Soft ","A.O.","","A.D."
"119","2020-07-17T09:48:37Z","2020-07-17T09:48:37Z_EAC_Cole_Harbour_G0060331",44.65751334,-63.43085469,"Cole Harbour","G0060331",3,2,"Soft ","A.O.","","A.D."
"120","2020-07-17T09:48:47Z","2020-07-17T09:48:47Z_EAC_Cole_Harbour_G0060332",44.65767288,-63.43096948,"Cole Harbour","G0060332",2,2,"Soft ","A.O.","","A.D."
"121","2020-07-17T09:48:57Z","2020-07-17T09:48:57Z_EAC_Cole_Harbour_G0060333",44.65782778,-63.43110544,"Cole Harbour","G0060333",2,3,"Soft ","A.O.","","A.D."
"122","2020-07-17T09:49:07Z","2020-07-17T09:49:07Z_EAC_Cole_Harbour_G0060334",44.6579854,-63.43122784,"Cole Harbour","G0060334",2,3,"Soft ","A.O.","","A.D."
"123","2020-07-17T09:49:17Z","2020-07-17T09:49:17Z_EAC_Cole_Harbour_G0060335",44.65813745,-63.43135103,"Cole Harbour","G0060335",2,3,"Soft ","A.O.","","A.D."
"124","2020-07-17T09:49:27Z","2020-07-17T09:49:27Z_EAC_Cole_Harbour_G0060336",44.65828651,-63.43147266,"Cole Harbour","G0060336",3,2,"Soft ","A.O.","","A.D."
"125","2020-07-17T09:49:37Z","2020-07-17T09:49:37Z_EAC_Cole_Harbour_G0060337",44.65843142,-63.43159007,"Cole Harbour","G0060337",3,1,"Soft ","A.O.","","A.D."
"126","2020-07-17T09:49:47Z","2020-07-17T09:49:47Z_EAC_Cole_Harbour_G0060338",44.65857308,-63.43169911,"Cole Harbour","G0060338",3,1,"Soft ","A.O.","","A.D."
"127","2020-07-17T09:49:57Z","2020-07-17T09:49:57Z_EAC_Cole_Harbour_G0060339",44.65871254,-63.4318254,"Cole Harbour","G0060339",3,1,"Soft ","A.O.","","A.D."
"128","2020-07-17T09:50:07Z","2020-07-17T09:50:07Z_EAC_Cole_Harbour_G0060340",44.65882994,-63.43193885,"Cole Harbour","G0060340",3,1,"Soft ","A.O.","","A.D."
"129","2020-07-17T09:50:17Z","2020-07-17T09:50:17Z_EAC_Cole_Harbour_G0060341",44.65895543,-63.43206966,"Cole Harbour","G0060341",3,1,"Soft ","A.O.","","A.D."
"130","2020-07-17T09:50:27Z","2020-07-17T09:50:27Z_EAC_Cole_Harbour_G0060342",44.65908091,-63.43222748,"Cole Harbour","G0060342",3,1,"Soft ","A.O.","","A.D."
"131","2020-07-17T09:50:37Z","2020-07-17T09:50:37Z_EAC_Cole_Harbour_G0060343",44.65919612,-63.43236187,"Cole Harbour","G0060343",3,1,"Soft ","A.O.","","A.D."
"132","2020-07-17T09:50:47Z","2020-07-17T09:50:47Z_EAC_Cole_Harbour_G0060344",44.65931226,-63.43249657,"Cole Harbour","G0060344",3,2,"Soft ","A.O.","","A.D."
"133","2020-07-17T09:50:57Z","2020-07-17T09:50:57Z_EAC_Cole_Harbour_G0060345",44.65944869,-63.43263654,"Cole Harbour","G0060345",2,2,"Soft ","A.O.","","A.D."
"134","2020-07-17T09:51:07Z","2020-07-17T09:51:07Z_EAC_Cole_Harbour_G0060346",44.65958367,-63.43279537,"Cole Harbour","G0060346",1,2,"Soft ","A.O.","","A.D."
"135","2020-07-17T09:51:17Z","2020-07-17T09:51:17Z_EAC_Cole_Harbour_G0060347",44.65969117,-63.43291487,"Cole Harbour","G0060347",0,NA,NA,"A.O.","","A.D."
"136","2020-07-17T09:51:27Z","2020-07-17T09:51:27Z_EAC_Cole_Harbour_G0060348",44.6597898,-63.4330562,"Cole Harbour","G0060348",0,NA,NA,"A.O.","","A.D."
"137","2020-07-17T09:51:37Z","2020-07-17T09:51:37Z_EAC_Cole_Harbour_G0060349",44.65990019,-63.43320474,"Cole Harbour","G0060349",0,NA,NA,"A.O.","","A.D."
"138","2020-07-17T09:51:47Z","2020-07-17T09:51:47Z_EAC_Cole_Harbour_G0060350",44.66000968,-63.43333353,"Cole Harbour","G0060350",0,NA,NA,"A.O.","","A.D."
"139","2020-07-17T09:51:57Z","2020-07-17T09:51:57Z_EAC_Cole_Harbour_G0060351",44.66013413,-63.43344848,"Cole Harbour","G0060351",0,NA,NA,"A.O.","","A.D."
"140","2020-07-17T09:52:07Z","2020-07-17T09:52:07Z_EAC_Cole_Harbour_G0060352",44.66027196,-63.43356734,"Cole Harbour","G0060352",0,NA,NA,"A.O.","","A.D."
"141","2020-07-17T09:52:17Z","2020-07-17T09:52:17Z_EAC_Cole_Harbour_G0060353",44.66039912,-63.43371335,"Cole Harbour","G0060353",0,NA,NA,"A.O.","","A.D."
"142","2020-07-17T09:52:27Z","2020-07-17T09:52:27Z_EAC_Cole_Harbour_G0060354",44.66053746,-63.43384581,"Cole Harbour","G0060354",0,NA,NA,"A.O.","","A.D."
"143","2020-07-17T09:52:37Z","2020-07-17T09:52:37Z_EAC_Cole_Harbour_G0060355",44.66069192,-63.434012,"Cole Harbour","G0060355",0,NA,NA,"A.O.","","A.D."
"144","2020-07-17T09:52:47Z","2020-07-17T09:52:47Z_EAC_Cole_Harbour_G0060356",44.66083972,-63.43419222,"Cole Harbour","G0060356",0,NA,NA,"A.O.","","A.D."
"145","2020-07-17T09:52:57Z","2020-07-17T09:52:57Z_EAC_Cole_Harbour_G0060357",44.66095564,-63.4343746,"Cole Harbour","G0060357",0,NA,NA,"A.O.","","A.D."
"146","2020-07-17T09:53:07Z","2020-07-17T09:53:07Z_EAC_Cole_Harbour_G0060358",44.6610433,-63.43454232,"Cole Harbour","G0060358",0,NA,NA,"A.O.","","A.D."
"147","2020-07-17T09:53:17Z","2020-07-17T09:53:17Z_EAC_Cole_Harbour_G0060359",44.66111179,-63.43468792,"Cole Harbour","G0060359",0,NA,NA,"A.O.","","A.D."
"148","2020-07-17T09:53:27Z","2020-07-17T09:53:27Z_EAC_Cole_Harbour_G0060360",44.66116782,-63.43484683,"Cole Harbour","G0060360",1,2,"Soft ","A.O.","","A.D."
"149","2020-07-17T09:53:37Z","2020-07-17T09:53:37Z_EAC_Cole_Harbour_G0060361",44.6612311,-63.43501948,"Cole Harbour","G0060361",3,2,"Soft ","A.O.","","A.D."
"150","2020-07-17T09:53:47Z","2020-07-17T09:53:47Z_EAC_Cole_Harbour_G0060362",44.6613066,-63.43515712,"Cole Harbour","G0060362",3,2,"Soft ","A.O.","","A.D."
"151","2020-07-17T09:53:57Z","2020-07-17T09:53:57Z_EAC_Cole_Harbour_G0060363",44.66140453,-63.43531786,"Cole Harbour","G0060363",3,2,"Soft ","A.O. ","","A.D."
"152","2020-07-17T09:54:07Z","2020-07-17T09:54:07Z_EAC_Cole_Harbour_G0060364",44.66151535,-63.43548745,"Cole Harbour","G0060364",3,2,"Soft ","A.O. ","","A.D."
"153","2020-07-17T09:54:17Z","2020-07-17T09:54:17Z_EAC_Cole_Harbour_G0060365",44.66160514,-63.43563658,"Cole Harbour","G0060365",3,2,"Soft ","A.O. ","","A.D."
"154","2020-07-17T09:54:27Z","2020-07-17T09:54:27Z_EAC_Cole_Harbour_G0060366",44.66165412,-63.43572699,"Cole Harbour","G0060366",3,2,"Soft ","A.O. ","","A.D."
"155","2020-07-17T09:54:37Z","2020-07-17T09:54:37Z_EAC_Cole_Harbour_G0060367",44.66169751,-63.4358157,"Cole Harbour","G0060367",3,2,"Soft ","A.O.","","A.D."
"156","2020-07-17T09:54:47Z","2020-07-17T09:54:47Z_EAC_Cole_Harbour_G0060368",44.66177016,-63.4358971,"Cole Harbour","G0060368",3,2,"Soft ","A.O. ","","A.D."
"157","2020-07-17T09:54:57Z","2020-07-17T09:54:57Z_EAC_Cole_Harbour_G0060369",44.66183439,-63.43601238,"Cole Harbour","G0060369",3,1,"Soft ","A.O. ","","A.D."
"158","2020-07-17T09:55:07Z","2020-07-17T09:55:07Z_EAC_Cole_Harbour_G0060370",44.66192112,-63.43612504,"Cole Harbour","G0060370",3,1,"Soft ","A.O. ","","A.D."
"159","2020-07-17T09:55:17Z","2020-07-17T09:55:17Z_EAC_Cole_Harbour_G0060371",44.66197262,-63.43621376,"Cole Harbour","G0060371",3,1,"Soft ","A.O. ","","A.D."
"160","2020-07-17T09:55:27Z","2020-07-17T09:55:27Z_EAC_Cole_Harbour_G0060372",44.66202213,-63.43631425,"Cole Harbour","G0060372",3,2,"Soft ","A.O. ","","A.D."
"161","2020-07-17T09:55:37Z","2020-07-17T09:55:37Z_EAC_Cole_Harbour_G0060373",44.66211147,-63.43645955,"Cole Harbour","G0060373",3,3,"Soft ","A.O. ","","A.D."
"162","2020-07-17T09:55:47Z","2020-07-17T09:55:47Z_EAC_Cole_Harbour_G0060374",44.66217943,-63.43658864,"Cole Harbour","G0060374",3,2,"Soft ","A.O. ","","A.D."
"163","2020-07-17T09:55:57Z","2020-07-17T09:55:57Z_EAC_Cole_Harbour_G0060375",44.66223774,-63.43669982,"Cole Harbour","G0060375",3,2,"Soft ","A.O. ","","A.D."
"164","2020-07-17T09:56:07Z","2020-07-17T09:56:07Z_EAC_Cole_Harbour_G0060376",44.66228613,-63.43682099,"Cole Harbour","G0060376",3,3,"Soft ","A.O. ","","A.D."
"165","2020-07-17T09:56:17Z","2020-07-17T09:56:17Z_EAC_Cole_Harbour_G0060377",44.66234941,-63.43699071,"Cole Harbour","G0060377",3,1,"Soft ","A.O. ","","A.D."
"166","2020-07-17T09:56:27Z","2020-07-17T09:56:27Z_EAC_Cole_Harbour_G0060378",44.66241118,-63.43716798,"Cole Harbour","G0060378",3,2,"Soft ","A.O. ","","A.D."
"167","2020-07-17T09:56:37Z","2020-07-17T09:56:37Z_EAC_Cole_Harbour_G0060379",44.66245078,-63.43734967,"Cole Harbour","G0060379",3,2,"Soft ","A.O. ","","A.D."
"168","2020-07-17T09:56:47Z","2020-07-17T09:56:47Z_EAC_Cole_Harbour_G0060380",44.66248871,-63.43751692,"Cole Harbour","G0060380",3,1,"Soft ","A.O. ","","A.D."
"169","2020-07-17T09:56:57Z","2020-07-17T09:56:57Z_EAC_Cole_Harbour_G0060381",44.66253819,-63.43768292,"Cole Harbour","G0060381",3,1,"Soft ","A.O. ","","A.D."
"170","2020-07-17T09:57:07Z","2020-07-17T09:57:07Z_EAC_Cole_Harbour_G0060382",44.66258563,-63.43782507,"Cole Harbour","G0060382",3,1,"Soft ","A.O. ","","A.D."
"171","2020-07-17T09:57:17Z","2020-07-17T09:57:17Z_EAC_Cole_Harbour_G0060383",44.66261345,-63.43800846,"Cole Harbour","G0060383",3,1,"Soft ","A.O. ","","A.D."
"172","2020-07-17T09:57:27Z","2020-07-17T09:57:27Z_EAC_Cole_Harbour_G0060384",44.66267867,-63.43820108,"Cole Harbour","G0060384",3,2,"Soft ","A.O.","","A.D."
"173","2020-07-17T09:57:37Z","2020-07-17T09:57:37Z_EAC_Cole_Harbour_G0060385",44.6627069,-63.43840639,"Cole Harbour","G0060385",2,3,"Soft ","A.O.","","A.D."
"174","2020-07-17T09:57:47Z","2020-07-17T09:57:47Z_EAC_Cole_Harbour_G0060386",44.66273351,-63.43859025,"Cole Harbour","G0060386",2,3,"Soft ","A.O.","","A.D."
"175","2020-07-17T09:57:57Z","2020-07-17T09:57:57Z_EAC_Cole_Harbour_G0060387",44.66275843,-63.43878937,"Cole Harbour","G0060387",2,2,"Soft ","A.O.","","A.D."
"176","2020-07-17T09:58:07Z","2020-07-17T09:58:07Z_EAC_Cole_Harbour_G0060388",44.6627538,-63.43898431,"Cole Harbour","G0060388",3,2,"Soft ","A.O,","","A.D."
"177","2020-07-17T09:58:17Z","2020-07-17T09:58:17Z_EAC_Cole_Harbour_G0060389",44.66277065,-63.43919997,"Cole Harbour","G0060389",3,1,"Soft ","A.O. ","","A.D."
"178","2020-07-17T09:58:27Z","2020-07-17T09:58:27Z_EAC_Cole_Harbour_G0060390",44.66277387,-63.43934316,"Cole Harbour","G0060390",3,1,"Soft ","A.O.","","A.D."
"179","2020-07-17T09:58:37Z","2020-07-17T09:58:37Z_EAC_Cole_Harbour_G0060391",44.66278931,-63.43951913,"Cole Harbour","G0060391",3,1,"Soft ","A.O. ","","A.D."
"180","2020-07-17T09:58:47Z","2020-07-17T09:58:47Z_EAC_Cole_Harbour_G0060392",44.66281975,-63.43967825,"Cole Harbour","G0060392",3,1,"Soft ","A.O. ","","A.D."
"181","2020-07-17T09:58:57Z","2020-07-17T09:58:57Z_EAC_Cole_Harbour_G0060393",44.6628726,-63.43982917,"Cole Harbour","G0060393",3,1,"Soft ","A.O.","","A.D."
"182","2020-07-17T09:59:07Z","2020-07-17T09:59:07Z_EAC_Cole_Harbour_G0060394",44.66290027,-63.4399283,"Cole Harbour","G0060394",3,2,"Soft ","A.O. ","","A.D."
"183","2020-07-17T09:59:17Z","2020-07-17T09:59:17Z_EAC_Cole_Harbour_G0060395",44.66290275,-63.43999623,"Cole Harbour","G0060395",3,1,"Soft ","A.O. ","","A.D."
"184","2020-07-17T09:59:27Z","2020-07-17T09:59:27Z_EAC_Cole_Harbour_G0060396",44.66290724,-63.44007303,"Cole Harbour","G0060396",3,2,"Soft ","A.O.","","A.D."
"185","2020-07-17T09:59:37Z","2020-07-17T09:59:37Z_EAC_Cole_Harbour_G0060397",44.66292058,-63.44012494,"Cole Harbour","G0060397",3,1,"Soft ","A.O.","","A.D."
"186","2020-07-17T09:59:47Z","2020-07-17T09:59:47Z_EAC_Cole_Harbour_G0060398",44.66292583,-63.44027479,"Cole Harbour","G0060398",3,1,"Soft ","A.O.","","A.D."
"187","2020-07-17T09:59:57Z","2020-07-17T09:59:57Z_EAC_Cole_Harbour_G0060399",44.66293841,-63.44039474,"Cole Harbour","G0060399",3,1,"Soft ","A.O. ","","A.D."
"188","2020-07-17T10:00:07Z","2020-07-17T10:00:07Z_EAC_Cole_Harbour_G0060400",44.66295714,-63.44053152,"Cole Harbour","G0060400",3,1,"Soft ","A.O.","","A.D."
"189","2020-07-17T10:00:17Z","2020-07-17T10:00:17Z_EAC_Cole_Harbour_G0060401",44.66299733,-63.4407138,"Cole Harbour","G0060401",3,1,"Soft ","A.O.","","A.D."
"190","2020-07-17T10:00:27Z","2020-07-17T10:00:27Z_EAC_Cole_Harbour_G0060402",44.66303384,-63.44088353,"Cole Harbour","G0060402",3,1,"Soft ","A.O. ","","A.D."
"191","2020-07-17T10:00:37Z","2020-07-17T10:00:37Z_EAC_Cole_Harbour_G0060403",44.6630715,-63.44105363,"Cole Harbour","G0060403",3,1,"Soft ","A.O. ","","A.D."
"192","2020-07-17T10:00:47Z","2020-07-17T10:00:47Z_EAC_Cole_Harbour_G0060404",44.66311398,-63.44123284,"Cole Harbour","G0060404",3,1,"Soft ","A.O. ","","A.D."
"193","2020-07-17T10:00:57Z","2020-07-17T10:00:57Z_EAC_Cole_Harbour_G0060405",44.66314622,-63.44134137,"Cole Harbour","G0060405",3,1,"Soft ","A.O. ","","A.D."
"194","2020-07-17T10:01:07Z","2020-07-17T10:01:07Z_EAC_Cole_Harbour_G0060406",44.66318788,-63.44148497,"Cole Harbour","G0060406",3,1,"Soft ","A.O. ","","A.D."
"195","2020-07-17T10:01:17Z","2020-07-17T10:01:17Z_EAC_Cole_Harbour_G0060407",44.66323693,-63.44162444,"Cole Harbour","G0060407",3,1,"Soft ","A.O. ","","A.D."
"196","2020-07-17T10:01:27Z","2020-07-17T10:01:27Z_EAC_Cole_Harbour_G0060408",44.66329946,-63.44179159,"Cole Harbour","G0060408",3,2,"Soft ","A.O. ","","A.D."
"197","2020-07-17T10:01:37Z","2020-07-17T10:01:37Z_EAC_Cole_Harbour_G0060409",44.66335921,-63.44199586,"Cole Harbour","G0060409",3,3,"Soft ","A.O. ","","A.D."
"198","2020-07-17T10:01:47Z","2020-07-17T10:01:47Z_EAC_Cole_Harbour_G0060410",44.66340753,-63.44219812,"Cole Harbour","G0060410",0,NA,NA,"A.O.","","A.D."
"199","2020-07-17T10:01:57Z","2020-07-17T10:01:57Z_EAC_Cole_Harbour_G0060411",44.66345699,-63.44240876,"Cole Harbour","G0060411",0,NA,NA,"A.O.","","A.D."
"200","2020-07-17T10:02:07Z","2020-07-17T10:02:07Z_EAC_Cole_Harbour_G0060412",44.66348181,-63.44261112,"Cole Harbour","G0060412",0,NA,NA,"A.O.","","A.D."
"201","2020-07-17T10:02:17Z","2020-07-17T10:02:17Z_EAC_Cole_Harbour_G0060413",44.66350927,-63.44281675,"Cole Harbour","G0060413",0,NA,NA,"A.O.","","A.D."
"202","2020-07-17T10:02:27Z","2020-07-17T10:02:27Z_EAC_Cole_Harbour_G0060414",44.66352772,-63.44305736,"Cole Harbour","G0060414",2,2,"Soft","A.O.","","A.D."
"203","2020-07-17T10:02:37Z","2020-07-17T10:02:37Z_EAC_Cole_Harbour_G0060415",44.66353641,-63.44330447,"Cole Harbour","G0060415",3,2,"Soft","A.O.","","A.D."
"204","2020-07-17T10:02:47Z","2020-07-17T10:02:47Z_EAC_Cole_Harbour_G0060416",44.66352447,-63.44349319,"Cole Harbour","G0060416",3,2,"Soft","A.O.","","A.D."
"205","2020-07-17T10:02:57Z","2020-07-17T10:02:57Z_EAC_Cole_Harbour_G0060417",44.66346027,-63.44366904,"Cole Harbour","G0060417",2,2,"Soft","A.O.","","A.D."
"206","2020-07-17T10:03:07Z","2020-07-17T10:03:07Z_EAC_Cole_Harbour_G0060418",44.66340382,-63.44385166,"Cole Harbour","G0060418",0,NA,NA,"A.O.","","A.D."
"207","2020-07-17T10:03:17Z","2020-07-17T10:03:17Z_EAC_Cole_Harbour_G0060419",44.66336947,-63.44398262,"Cole Harbour","G0060419",0,NA,NA,"A.O.","","A.D."
"208","2020-07-17T10:03:27Z","2020-07-17T10:03:27Z_EAC_Cole_Harbour_G0060420",44.66329859,-63.44415189,"Cole Harbour","G0060420",2,2,"Soft","A.O.","","A.D."
"209","2020-07-17T10:03:37Z","2020-07-17T10:03:37Z_EAC_Cole_Harbour_G0060421",44.66325169,-63.44422669,"Cole Harbour","G0060421",3,1,"Soft","A.O.","","A.D."
"210","2020-07-17T10:03:47Z","2020-07-17T10:03:47Z_EAC_Cole_Harbour_G0060422",44.66325897,-63.4443618,"Cole Harbour","G0060422",3,1,"Soft","A.O.","","A.D."
"211","2020-07-17T10:03:57Z","2020-07-17T10:03:57Z_EAC_Cole_Harbour_G0060423",44.66327632,-63.44452468,"Cole Harbour","G0060423",3,2,"Soft","A.O.","","A.D."
"212","2020-07-17T10:04:07Z","2020-07-17T10:04:07Z_EAC_Cole_Harbour_G0060424",44.66332281,-63.44470048,"Cole Harbour","G0060424",3,2,"Soft","A.O.","","A.D."
"213","2020-07-17T10:04:17Z","2020-07-17T10:04:17Z_EAC_Cole_Harbour_G0060425",44.66336407,-63.44487299,"Cole Harbour","G0060425",3,1,"Soft","A.O.","","A.D."
"214","2020-07-17T10:04:27Z","2020-07-17T10:04:27Z_EAC_Cole_Harbour_G0060426",44.66341532,-63.44504178,"Cole Harbour","G0060426",3,1,"Soft","A.O.","","A.D."
"215","2020-07-17T10:04:37Z","2020-07-17T10:04:37Z_EAC_Cole_Harbour_G0060427",44.66346442,-63.44519112,"Cole Harbour","G0060427",3,1,"Soft","A.O.","","A.D."
"216","2020-07-17T10:04:47Z","2020-07-17T10:04:47Z_EAC_Cole_Harbour_G0060428",44.66351536,-63.44532041,"Cole Harbour","G0060428",3,1,"Soft","A.O.","","A.D."
"217","2020-07-17T10:04:57Z","2020-07-17T10:04:57Z_EAC_Cole_Harbour_G0060429",44.66354999,-63.44542447,"Cole Harbour","G0060429",3,2,"Soft","A.O.","","A.D."
"218","2020-07-17T10:05:07Z","2020-07-17T10:05:07Z_EAC_Cole_Harbour_G0060430",44.66361777,-63.4454805,"Cole Harbour","G0060430",3,2,"Soft","A.O.","","A.D."
"219","2020-07-17T10:05:17Z","2020-07-17T10:05:17Z_EAC_Cole_Harbour_G0060431",44.66368664,-63.44561244,"Cole Harbour","G0060431",3,1,"Soft","A.O.","","A.D."
"220","2020-07-17T10:05:27Z","2020-07-17T10:05:27Z_EAC_Cole_Harbour_G0060432",44.66376335,-63.44580066,"Cole Harbour","G0060432",3,1,"Soft","A.O.","","A.D."
"221","2020-07-17T10:05:37Z","2020-07-17T10:05:37Z_EAC_Cole_Harbour_G0060433",44.66379733,-63.44593936,"Cole Harbour","G0060433",3,1,"Soft","A.O.","","A.D."
"222","2020-07-17T10:05:47Z","2020-07-17T10:05:47Z_EAC_Cole_Harbour_G0060434",44.66384358,-63.44608633,"Cole Harbour","G0060434",3,1,"Soft","A.O.","","A.D."
"223","2020-07-17T10:05:57Z","2020-07-17T10:05:57Z_EAC_Cole_Harbour_G0060435",44.66387711,-63.4461917,"Cole Harbour","G0060435",3,1,"Soft","A.O.","","A.D."
"224","2020-07-17T10:06:07Z","2020-07-17T10:06:07Z_EAC_Cole_Harbour_G0060436",44.66392989,-63.44631397,"Cole Harbour","G0060436",3,1,"Soft","A.O.","","A.D."
"225","2020-07-17T10:06:17Z","2020-07-17T10:06:17Z_EAC_Cole_Harbour_G0060437",44.66399495,-63.44646513,"Cole Harbour","G0060437",3,1,"Soft","A.O.","","A.D."
"226","2020-07-17T10:06:27Z","2020-07-17T10:06:27Z_EAC_Cole_Harbour_G0060438",44.66405492,-63.44659713,"Cole Harbour","G0060438",3,1,"Soft","A.O.","","A.D."
"227","2020-07-17T10:06:37Z","2020-07-17T10:06:37Z_EAC_Cole_Harbour_G0060439",44.66413535,-63.44676008,"Cole Harbour","G0060439",3,1,"Soft","A.O.","","A.D."
"228","2020-07-17T10:06:47Z","2020-07-17T10:06:47Z_EAC_Cole_Harbour_G0060440",44.66420089,-63.44692422,"Cole Harbour","G0060440",3,1,"Soft","A.O.","","A.D."
"229","2020-07-17T10:06:57Z","2020-07-17T10:06:57Z_EAC_Cole_Harbour_G0060441",44.66427982,-63.4470902,"Cole Harbour","G0060441",3,1,"Soft","A.O.","","A.D."
"230","2020-07-17T10:07:07Z","2020-07-17T10:07:07Z_EAC_Cole_Harbour_G0060442",44.6643713,-63.44722122,"Cole Harbour","G0060442",2,1,"Soft","A.O.","","A.D."
"231","2020-07-17T10:07:17Z","2020-07-17T10:07:17Z_EAC_Cole_Harbour_G0060443",44.66449994,-63.44735832,"Cole Harbour","G0060443",2,1,"Soft","A.O.","","A.D."
"232","2020-07-17T10:07:28Z","2020-07-17T10:07:28Z_EAC_Cole_Harbour_G0060444",44.66463956,-63.44748881,"Cole Harbour","G0060444",2,1,"Soft","A.O.","Actual Time of Photo ""2020-07-17  7:07:27 AM""","A.D."
"233","2020-07-17T10:07:37Z","2020-07-17T10:07:37Z_EAC_Cole_Harbour_G0060445",44.66473505,-63.44755811,"Cole Harbour","G0060445",3,1,"Soft","A.O.","","A.D."
"234","2020-07-17T10:07:47Z","2020-07-17T10:07:47Z_EAC_Cole_Harbour_G0060446",44.66484183,-63.44763058,"Cole Harbour","G0060446",2,1,"Soft","A.O.","","A.D."
"235","2020-07-17T10:07:57Z","2020-07-17T10:07:57Z_EAC_Cole_Harbour_G0060447",44.66494762,-63.44771789,"Cole Harbour","G0060447",2,1,"Soft","A.O.","","A.D."
"236","2020-07-17T10:08:07Z","2020-07-17T10:08:07Z_EAC_Cole_Harbour_G0060448",44.66505823,-63.44782221,"Cole Harbour","G0060448",3,1,"Soft","A.O.","","A.D."
"237","2020-07-17T10:08:17Z","2020-07-17T10:08:17Z_EAC_Cole_Harbour_G0060449",44.66514007,-63.44789883,"Cole Harbour","G0060449",3,1,"Soft","A.O.","","A.D."
"238","2020-07-17T10:08:27Z","2020-07-17T10:08:27Z_EAC_Cole_Harbour_G0060450",44.6652029,-63.44799259,"Cole Harbour","G0060450",3,1,"Soft","A.O.","","A.D."
"239","2020-07-17T10:08:37Z","2020-07-17T10:08:37Z_EAC_Cole_Harbour_G0060451",44.66525967,-63.44807975,"Cole Harbour","G0060451",3,1,"Soft","A.O.","","A.D."
"240","2020-07-17T10:08:47Z","2020-07-17T10:08:47Z_EAC_Cole_Harbour_G0060452",44.66532032,-63.44815619,"Cole Harbour","G0060452",0,NA,NA,"A.O.","","A.D."
"241","2020-07-17T10:08:57Z","2020-07-17T10:08:57Z_EAC_Cole_Harbour_G0060453",44.66534958,-63.44818396,"Cole Harbour","G0060453",2,1,"Soft","A.O.","","A.D."
"242","2020-07-17T10:09:07Z","2020-07-17T10:09:07Z_EAC_Cole_Harbour_G0060454",44.66536011,-63.44818399,"Cole Harbour","G0060454",1,1,"Soft","A.O.","","A.D."
"243","2020-07-17T10:09:17Z","2020-07-17T10:09:17Z_EAC_Cole_Harbour_G0060455",44.6653473,-63.44820116,"Cole Harbour","G0060455",3,1,"Soft","A.O.","","A.D."
"244","2020-07-17T10:09:27Z","2020-07-17T10:09:27Z_EAC_Cole_Harbour_G0060456",44.6653549,-63.44825039,"Cole Harbour","G0060456",1,1,"Soft","A.O.","","A.D."
"245","2020-07-17T10:09:37Z","2020-07-17T10:09:37Z_EAC_Cole_Harbour_G0060457",44.66537251,-63.44831546,"Cole Harbour","G0060457",0,NA,NA,"A.O.","","A.D."
"246","2020-07-17T10:09:47Z","2020-07-17T10:09:47Z_EAC_Cole_Harbour_G0060458",44.66537808,-63.44834767,"Cole Harbour","G0060458",3,3,"Soft","A.O.","","A.D."
"247","2020-07-17T10:09:57Z","2020-07-17T10:09:57Z_EAC_Cole_Harbour_G0060459",44.66537411,-63.44835013,"Cole Harbour","G0060459",NA,NA,NA,"A.O.","","A.D."
"248","2020-07-17T10:10:06Z","2020-07-17T10:10:06Z_EAC_Cole_Harbour_G0060460",44.66538443,-63.4483775,"Cole Harbour","G0060460",NA,NA,NA,"A.O.","Actual Time of Photo ""2020-07-17  7:10:07 AM""","A.D."
"249","2020-07-17T10:10:17Z","2020-07-17T10:10:17Z_EAC_Cole_Harbour_G0060461",44.66542065,-63.44843201,"Cole Harbour","G0060461",NA,NA,NA,"A.O.","","A.D."
"250","2020-07-17T10:10:26Z","2020-07-17T10:10:26Z_EAC_Cole_Harbour_G0060462",44.66544611,-63.44846964,"Cole Harbour","G0060462",2,2,"Soft","A.O.","Actual Time of Photo ""2020-07-17  7:10:27 AM""","A.D."
"251","2020-07-17T10:10:37Z","2020-07-17T10:10:37Z_EAC_Cole_Harbour_G0060463",44.6654647,-63.44854084,"Cole Harbour","G0060463",3,1,"Soft","A.O.","","A.D."
"252","2020-07-17T10:10:47Z","2020-07-17T10:10:47Z_EAC_Cole_Harbour_G0060464",44.66553925,-63.4486175,"Cole Harbour","G0060464",3,1,"Soft","A.O.","","A.D."
"253","2020-07-17T10:10:56Z","2020-07-17T10:10:56Z_EAC_Cole_Harbour_G0060465",44.66559896,-63.44869502,"Cole Harbour","G0060465",3,1,"Soft","A.O.","Actual Time of Photo ""2020-07-17  7:10:57 AM""","A.D."
"254","2020-07-17T10:11:07Z","2020-07-17T10:11:07Z_EAC_Cole_Harbour_G0060466",44.66569277,-63.44879346,"Cole Harbour","G0060466",3,1,"Soft","A.O.","","A.D."
"255","2020-07-17T10:11:17Z","2020-07-17T10:11:17Z_EAC_Cole_Harbour_G0060467",44.66579491,-63.44886428,"Cole Harbour","G0060467",2,1,"Soft","A.O.","","A.D."
"256","2020-07-17T10:11:26Z","2020-07-17T10:11:26Z_EAC_Cole_Harbour_G0060468",44.66588751,-63.44893822,"Cole Harbour","G0060468",3,1,"Soft","A.O.","Actual Time of Photo ""2020-07-17  7:11:27 AM""","A.D."
"257","2020-07-17T10:11:37Z","2020-07-17T10:11:37Z_EAC_Cole_Harbour_G0060469",44.66598489,-63.44903328,"Cole Harbour","G0060469",2,1,"Soft","A.O.","","A.D."
"258","2020-07-17T10:11:47Z","2020-07-17T10:11:47Z_EAC_Cole_Harbour_G0060470",44.66608409,-63.44911724,"Cole Harbour","G0060470",2,2,"Soft","A.O.","","A.D."
"259","2020-07-17T10:11:57Z","2020-07-17T10:11:57Z_EAC_Cole_Harbour_G0060471",44.66619923,-63.44918063,"Cole Harbour","G0060471",2,1,"Soft","A.O.","","A.D."
"260","2020-07-17T10:12:07Z","2020-07-17T10:12:07Z_EAC_Cole_Harbour_G0060472",44.66630519,-63.44928734,"Cole Harbour","G0060472",3,2,"Soft","A.O.","","A.D."
"261","2020-07-17T10:12:17Z","2020-07-17T10:12:17Z_EAC_Cole_Harbour_G0060473",44.66642016,-63.44935533,"Cole Harbour","G0060473",2,2,"Soft","A.O.","","A.D."
"262","2020-07-17T10:12:27Z","2020-07-17T10:12:27Z_EAC_Cole_Harbour_G0060474",44.66651328,-63.44940683,"Cole Harbour","G0060474",3,1,"Soft","A.O.","","A.D."
"263","2020-07-17T10:12:38Z","2020-07-17T10:12:38Z_EAC_Cole_Harbour_G0060475",44.66658402,-63.44946094,"Cole Harbour","G0060475",3,2,"Soft","A.O.","Actual Time of Photo ""2020-07-17  7:12:37 AM""","A.D."
"264","2020-07-17T10:12:47Z","2020-07-17T10:12:47Z_EAC_Cole_Harbour_G0060476",44.66665684,-63.44947773,"Cole Harbour","G0060476",3,1,"Soft","A.O.","","A.D."
"265","2020-07-17T10:12:57Z","2020-07-17T10:12:57Z_EAC_Cole_Harbour_G0060477",44.66671675,-63.44952969,"Cole Harbour","G0060477",3,1,"Soft","A.O.","","A.D."
"266","2020-07-17T10:13:07Z","2020-07-17T10:13:07Z_EAC_Cole_Harbour_G0060478",44.66679446,-63.44962624,"Cole Harbour","G0060478",2,1,"Soft","A.O.","","A.D."
"267","2020-07-17T10:13:17Z","2020-07-17T10:13:17Z_EAC_Cole_Harbour_G0060479",44.66685756,-63.44971379,"Cole Harbour","G0060479",3,1,"Soft","A.O.","","A.D."
"268","2020-07-17T10:13:27Z","2020-07-17T10:13:27Z_EAC_Cole_Harbour_G0060480",44.66692522,-63.44983931,"Cole Harbour","G0060480",2,1,"Soft","A.O.","","A.D."
"269","2020-07-17T10:13:37Z","2020-07-17T10:13:37Z_EAC_Cole_Harbour_G0060481",44.66698377,-63.44995691,"Cole Harbour","G0060481",2,2,"Soft","A.O.","","A.D."
"270","2020-07-17T10:13:47Z","2020-07-17T10:13:47Z_EAC_Cole_Harbour_G0060482",44.66703635,-63.45006547,"Cole Harbour","G0060482",3,1,"Soft","A.O.","","A.D."
"271","2020-07-17T10:13:57Z","2020-07-17T10:13:57Z_EAC_Cole_Harbour_G0060483",44.66708369,-63.45016228,"Cole Harbour","G0060483",3,2,"Soft","A.O.","","A.D."
"272","2020-07-17T10:14:06Z","2020-07-17T10:14:06Z_EAC_Cole_Harbour_G0060484",44.6671119,-63.45021598,"Cole Harbour","G0060484",3,1,"Soft","A.O.","Actual Time of Photo ""2020-07-17  7:14:07 AM""","A.D."
"273","2020-07-17T10:14:17Z","2020-07-17T10:14:17Z_EAC_Cole_Harbour_G0060485",44.66717624,-63.45034674,"Cole Harbour","G0060485",2,2,"Soft","A.O.","","A.D."
"274","2020-07-17T10:14:27Z","2020-07-17T10:14:27Z_EAC_Cole_Harbour_G0060486",44.66722029,-63.45043073,"Cole Harbour","G0060486",2,2,"Soft","A.O.","","A.D."
"275","2020-07-17T10:14:37Z","2020-07-17T10:14:37Z_EAC_Cole_Harbour_G0060487",44.66725632,-63.45056683,"Cole Harbour","G0060487",2,2,"Soft","A.O.","","A.D."
"276","2020-07-17T10:14:47Z","2020-07-17T10:14:47Z_EAC_Cole_Harbour_G0060488",44.66729316,-63.45072383,"Cole Harbour","G0060488",0,NA,NA,"A.O.","","A.D."
"277","2020-07-17T10:14:57Z","2020-07-17T10:14:57Z_EAC_Cole_Harbour_G0060489",44.66731251,-63.45081039,"Cole Harbour","G0060489",0,NA,NA,"A.O.","","A.D."
"278","2020-07-17T10:15:07Z","2020-07-17T10:15:07Z_EAC_Cole_Harbour_G0060490",44.6673034,-63.45084995,"Cole Harbour","G0060490",3,1,"Soft","A.O.","","A.D."
"279","2020-07-17T10:15:17Z","2020-07-17T10:15:17Z_EAC_Cole_Harbour_G0060491",44.66731155,-63.45089352,"Cole Harbour","G0060491",1,1,"Soft","A.O.","","A.D."
"280","2020-07-17T10:15:27Z","2020-07-17T10:15:27Z_EAC_Cole_Harbour_G0060492",44.66734564,-63.45095109,"Cole Harbour","G0060492",2,2,"Soft","A.O.","","A.D."
"281","2020-07-17T10:15:37Z","2020-07-17T10:15:37Z_EAC_Cole_Harbour_G0060493",44.66738131,-63.45105358,"Cole Harbour","G0060493",1,3,"Soft","A.O.","Eelgrass present but difficult to score","A.D."
"282","2020-07-17T10:15:47Z","2020-07-17T10:15:47Z_EAC_Cole_Harbour_G0060494",44.66742836,-63.45117189,"Cole Harbour","G0060494",0,NA,NA,"A.O.","","A.D."
"283","2020-07-17T10:15:57Z","2020-07-17T10:15:57Z_EAC_Cole_Harbour_G0060495",44.66744965,-63.45128995,"Cole Harbour","G0060495",0,NA,NA,"A.O.","","A.D."
"284","2020-07-17T10:16:07Z","2020-07-17T10:16:07Z_EAC_Cole_Harbour_G0060496",44.66746257,-63.45147266,"Cole Harbour","G0060496",0,NA,NA,"A.O.","","A.D."
"285","2020-07-17T10:16:17Z","2020-07-17T10:16:17Z_EAC_Cole_Harbour_G0060497",44.66746117,-63.4517093,"Cole Harbour","G0060497",0,NA,NA,"A.O.","","A.D."
"286","2020-07-17T10:16:27Z","2020-07-17T10:16:27Z_EAC_Cole_Harbour_G0060498",44.66745916,-63.45195452,"Cole Harbour","G0060498",0,NA,NA,"A.O.","","A.D."
"287","2020-07-17T10:16:37Z","2020-07-17T10:16:37Z_EAC_Cole_Harbour_G0060499",44.66746718,-63.45215406,"Cole Harbour","G0060499",0,NA,NA,"A.O.","","A.D."
"288","2020-07-17T10:16:47Z","2020-07-17T10:16:47Z_EAC_Cole_Harbour_G0060500",44.66748522,-63.45237978,"Cole Harbour","G0060500",0,NA,NA,"A.O.","","A.D."
"289","2020-07-17T10:16:57Z","2020-07-17T10:16:57Z_EAC_Cole_Harbour_G0060501",44.66753823,-63.45262923,"Cole Harbour","G0060501",0,NA,NA,"A.O.","","A.D."
"290","2020-07-17T10:17:07Z","2020-07-17T10:17:07Z_EAC_Cole_Harbour_G0060502",44.66759413,-63.45285264,"Cole Harbour","G0060502",0,NA,NA,"A.O.","","A.D."
"291","2020-07-17T10:17:17Z","2020-07-17T10:17:17Z_EAC_Cole_Harbour_G0060503",44.66767095,-63.45302348,"Cole Harbour","G0060503",1,3,"Soft","A.O.","Eelgrass present but difficult to score","A.D."
"292","2020-07-17T10:17:27Z","2020-07-17T10:17:27Z_EAC_Cole_Harbour_G0060504",44.66774707,-63.45317011,"Cole Harbour","G0060504",2,1,"Soft","A.O.","","A.D."
"293","2020-07-17T10:17:37Z","2020-07-17T10:17:37Z_EAC_Cole_Harbour_G0060505",44.66780914,-63.45327864,"Cole Harbour","G0060505",3,1,"Soft","A.O.","","A.D."
"294","2020-07-17T10:17:47Z","2020-07-17T10:17:47Z_EAC_Cole_Harbour_G0060506",44.66786157,-63.45341793,"Cole Harbour","G0060506",3,1,"Soft","A.O.","","A.D."
"295","2020-07-17T10:17:57Z","2020-07-17T10:17:57Z_EAC_Cole_Harbour_G0060507",44.66790595,-63.4535109,"Cole Harbour","G0060507",2,2,"Soft","A.O.","","A.D."
"296","2020-07-17T10:18:07Z","2020-07-17T10:18:07Z_EAC_Cole_Harbour_G0060508",44.66797187,-63.45359269,"Cole Harbour","G0060508",2,1,"Soft","A.O.","","A.D."
"297","2020-07-17T10:18:17Z","2020-07-17T10:18:17Z_EAC_Cole_Harbour_G0060509",44.6680941,-63.45367314,"Cole Harbour","G0060509",2,3,"Soft","A.O.","","A.D."
"298","2020-07-17T10:18:27Z","2020-07-17T10:18:27Z_EAC_Cole_Harbour_G0060510",44.66820861,-63.45369834,"Cole Harbour","G0060510",2,2,"Soft","A.O.","","A.D."
"299","2020-07-17T10:18:37Z","2020-07-17T10:18:37Z_EAC_Cole_Harbour_G0060511",44.66831624,-63.45375658,"Cole Harbour","G0060511",1,3,"Soft","A.O.","","A.D."
"300","2020-07-17T10:18:47Z","2020-07-17T10:18:47Z_EAC_Cole_Harbour_G0060512",44.66839036,-63.45378552,"Cole Harbour","G0060512",3,1,"Soft","A.O.","","A.D."
"301","2020-07-17T10:18:57Z","2020-07-17T10:18:57Z_EAC_Cole_Harbour_G0060513",44.66849124,-63.45381611,"Cole Harbour","G0060513",2,1,"Soft","A.O.","","A.D."
"302","2020-07-17T10:19:07Z","2020-07-17T10:19:07Z_EAC_Cole_Harbour_G0060514",44.66859937,-63.45386563,"Cole Harbour","G0060514",2,2,"Soft","A.O.","","A.D."
"303","2020-07-17T10:19:17Z","2020-07-17T10:19:17Z_EAC_Cole_Harbour_G0060515",44.66871062,-63.45386696,"Cole Harbour","G0060515",2,1,"Soft","A.O.","","A.D."
"304","2020-07-17T10:19:27Z","2020-07-17T10:19:27Z_EAC_Cole_Harbour_G0060516",44.66882378,-63.45390707,"Cole Harbour","G0060516",1,1,NA,"A.O.","Cant see Substrate in majority of picture. Thus, NA.","A.D."
"305","2020-07-17T10:19:37Z","2020-07-17T10:19:37Z_EAC_Cole_Harbour_G0060517",44.66893133,-63.45393143,"Cole Harbour","G0060517",0,NA,NA,"A.O.","","A.D."
"306","2020-07-17T10:19:47Z","2020-07-17T10:19:47Z_EAC_Cole_Harbour_G0060518",44.66905119,-63.45395348,"Cole Harbour","G0060518",1,1,"Soft","A.O.","","A.D."
"307","2020-07-17T10:19:57Z","2020-07-17T10:19:57Z_EAC_Cole_Harbour_G0060519",44.66916149,-63.45395832,"Cole Harbour","G0060519",1,1,NA,"A.O.","Hard to see Substrate in majority of picture. Thus, NA. ","A.D."
"308","2020-07-17T10:20:06Z","2020-07-17T10:20:06Z_EAC_Cole_Harbour_G0060520",44.66924565,-63.45394006,"Cole Harbour","G0060520",1,1,NA,"A.O.","Actual Time of Photo ""2020-07-17  7:20:07 AM""","A.D."
"309","2020-07-17T10:20:17Z","2020-07-17T10:20:17Z_EAC_Cole_Harbour_G0060521",44.66935717,-63.4539493,"Cole Harbour","G0060521",0,NA,NA,"A.O.","","A.D."
"310","2020-07-17T10:20:27Z","2020-07-17T10:20:27Z_EAC_Cole_Harbour_G0060522",44.66946028,-63.45397579,"Cole Harbour","G0060522",0,NA,NA,"A.O. ","","A.D."
"311","2020-07-17T10:20:37Z","2020-07-17T10:20:37Z_EAC_Cole_Harbour_G0060523",44.66955717,-63.45395048,"Cole Harbour","G0060523",0,NA,NA,"A.O. ","","A.D."
"312","2020-07-17T10:20:50Z","2020-07-17T10:20:50Z_EAC_Cole_Harbour_G0060524",44.66968822,-63.45387272,"Cole Harbour","G0060524",1,2,"Soft","A.O.","Actual Time of Photo ""2020-07-17  7:20:47 AM""","A.D."
"313","2020-07-17T10:20:57Z","2020-07-17T10:20:57Z_EAC_Cole_Harbour_G0060525",44.66974444,-63.45381299,"Cole Harbour","G0060525",1,1,"Soft","A.O.","","A.D."
"314","2020-07-17T10:21:06Z","2020-07-17T10:21:06Z_EAC_Cole_Harbour_G0060526",44.6697884,-63.45376467,"Cole Harbour","G0060526",2,1,"Soft","A.O.","Actual Time of Photo ""2020-07-17  7:21:07 AM""","A.D."
"315","2020-07-17T10:21:17Z","2020-07-17T10:21:17Z_EAC_Cole_Harbour_G0060527",44.6698412,-63.45370255,"Cole Harbour","G0060527",2,1,"Soft","A.O.","","A.D."
"316","2020-07-17T10:21:27Z","2020-07-17T10:21:27Z_EAC_Cole_Harbour_G0060528",44.66990062,-63.45359531,"Cole Harbour","G0060528",2,1,"Soft","A.O.","","A.D."
"317","2020-07-17T10:21:37Z","2020-07-17T10:21:37Z_EAC_Cole_Harbour_G0060529",44.66996123,-63.45353502,"Cole Harbour","G0060529",3,1,"Soft ","A.O. ","","A.D."
"318","2020-07-17T10:21:47Z","2020-07-17T10:21:47Z_EAC_Cole_Harbour_G0060530",44.66996825,-63.45347265,"Cole Harbour","G0060530",2,2,"Soft","A.O. ","","A.D."
"319","2020-07-17T10:21:57Z","2020-07-17T10:21:57Z_EAC_Cole_Harbour_G0060531",44.66998511,-63.45343759,"Cole Harbour","G0060531",2,2,"Soft","A.O. ","","A.D."
"320","2020-07-17T10:22:07Z","2020-07-17T10:22:07Z_EAC_Cole_Harbour_G0060532",44.67000194,-63.45341312,"Cole Harbour","G0060532",2,2,"Soft","A.O. ","","A.D."
"321","2020-07-17T10:22:17Z","2020-07-17T10:22:17Z_EAC_Cole_Harbour_G0060533",44.67001996,-63.45339872,"Cole Harbour","G0060533",2,2,"Soft ","A.O. ","","A.D."
"322","2020-07-17T10:22:27Z","2020-07-17T10:22:27Z_EAC_Cole_Harbour_G0060534",44.67003408,-63.45338826,"Cole Harbour","G0060534",2,2,"Soft","A.O. ","","A.D."
"323","2020-07-17T10:22:37Z","2020-07-17T10:22:37Z_EAC_Cole_Harbour_G0060535",44.67003929,-63.4533555,"Cole Harbour","G0060535",2,2,"Soft","A.O.","","A.D."
"324","2020-07-17T10:22:47Z","2020-07-17T10:22:47Z_EAC_Cole_Harbour_G0060536",44.67007945,-63.45324303,"Cole Harbour","G0060536",2,2,"Soft","A.O. ","","A.D."
"325","2020-07-17T10:22:57Z","2020-07-17T10:22:57Z_EAC_Cole_Harbour_G0060537",44.67012496,-63.45318481,"Cole Harbour","G0060537",2,1,"Soft","A.O.","","A.D."
"326","2020-07-17T10:23:07Z","2020-07-17T10:23:07Z_EAC_Cole_Harbour_G0060538",44.67015974,-63.45310419,"Cole Harbour","G0060538",2,1,"Soft","A.O.","","A.D."
"327","2020-07-17T10:23:17Z","2020-07-17T10:23:17Z_EAC_Cole_Harbour_G0060539",44.67018726,-63.45297059,"Cole Harbour","G0060539",2,1,"Soft","A.O.","","A.D."
"328","2020-07-17T10:23:27Z","2020-07-17T10:23:27Z_EAC_Cole_Harbour_G0060540",44.67025311,-63.45284968,"Cole Harbour","G0060540",2,1,"Soft","A.O.","","A.D."
"329","2020-07-17T10:23:37Z","2020-07-17T10:23:37Z_EAC_Cole_Harbour_G0060541",44.67031135,-63.45277191,"Cole Harbour","G0060541",2,2,"Soft","A.O.","","A.D."
"330","2020-07-17T10:23:47Z","2020-07-17T10:23:47Z_EAC_Cole_Harbour_G0060542",44.67037092,-63.45265491,"Cole Harbour","G0060542",2,1,"Soft","A.O.","","A.D."
"331","2020-07-17T10:23:55Z","2020-07-17T10:23:55Z_EAC_Cole_Harbour_G0060543",44.67040246,-63.45256205,"Cole Harbour","G0060543",1,1,"Soft","A.O.","Actual Time of Photo ""2020-07-17  7:23:57 AM""","A.D."
"332","2020-07-17T10:24:07Z","2020-07-17T10:24:07Z_EAC_Cole_Harbour_G0060544",44.67049518,-63.45241661,"Cole Harbour","G0060544",0,NA,NA,"A.O.","","A.D."
"333","2020-07-17T10:24:15Z","2020-07-17T10:24:15Z_EAC_Cole_Harbour_G0060545",44.67055393,-63.45236057,"Cole Harbour","G0060545",2,1,"Soft","A.O.","Actual Time of Photo ""2020-07-17  7:24:17 AM""","A.D."
"334","2020-07-17T10:24:27Z","2020-07-17T10:24:27Z_EAC_Cole_Harbour_G0060546",44.6706071,-63.45228309,"Cole Harbour","G0060546",1,2,"Soft","A.O.","","A.D."
"335","2020-07-17T10:24:37Z","2020-07-17T10:24:37Z_EAC_Cole_Harbour_G0060547",44.67068774,-63.45217592,"Cole Harbour","G0060547",1,1,"Soft","A.O.","Eelgrass present but difficult to score","A.D."
"336","2020-07-17T10:24:47Z","2020-07-17T10:24:47Z_EAC_Cole_Harbour_G0060548",44.67073335,-63.45213003,"Cole Harbour","G0060548",1,1,"Soft","A.O.","","A.D."
"337","2020-07-17T10:24:58Z","2020-07-17T10:24:58Z_EAC_Cole_Harbour_G0060549",44.67079427,-63.45201325,"Cole Harbour","G0060549",2,2,"Soft","A.O.","Actual Time of Photo ""2020-07-17  7:24:57 AM""","A.D."
"338","2020-07-17T10:25:09Z","2020-07-17T10:25:09Z_EAC_Cole_Harbour_G0060550",44.67082183,-63.45195781,"Cole Harbour","G0060550",2,1,"Soft","A.O.","Actual Time of Photo ""2020-07-17  7:25:07 AM""","A.D."
"339","2020-07-17T10:25:17Z","2020-07-17T10:25:17Z_EAC_Cole_Harbour_G0060551",44.67087225,-63.45195042,"Cole Harbour","G0060551",2,1,"Soft","A.O.","","A.D."
"340","2020-07-17T10:25:27Z","2020-07-17T10:25:27Z_EAC_Cole_Harbour_G0060552",44.6709178,-63.45191318,"Cole Harbour","G0060552",2,2,"Soft","A.O.","ABNORMAL algae cover","A.D."
"341","2020-07-17T10:25:37Z","2020-07-17T10:25:37Z_EAC_Cole_Harbour_G0060553",44.67095011,-63.45188845,"Cole Harbour","G0060553",3,2,"Soft","A.O.","","A.D."
"342","2020-07-17T10:25:48Z","2020-07-17T10:25:48Z_EAC_Cole_Harbour_G0060554",44.6709695,-63.45187417,"Cole Harbour","G0060554",3,1,"Soft","A.O.","Actual Time of Photo ""2020-07-17  7:25:47 AM""","A.D."
"343","2020-07-17T10:25:57Z","2020-07-17T10:25:57Z_EAC_Cole_Harbour_G0060555",44.67100542,-63.4518524,"Cole Harbour","G0060555",3,1,"Soft","A.O.","","A.D."
"344","2020-07-17T10:26:07Z","2020-07-17T10:26:07Z_EAC_Cole_Harbour_G0060556",44.67108557,-63.45179044,"Cole Harbour","G0060556",3,1,"Soft","A.O.","","A.D."
"345","2020-07-17T10:26:17Z","2020-07-17T10:26:17Z_EAC_Cole_Harbour_G0060557",44.67115389,-63.45170925,"Cole Harbour","G0060557",2,2,"Soft","A.O.","","A.D."
"346","2020-07-17T10:26:28Z","2020-07-17T10:26:28Z_EAC_Cole_Harbour_G0060558",44.67122759,-63.4515797,"Cole Harbour","G0060558",2,2,"Soft","A.O.","Actual Time of Photo ""2020-07-17  7:26:27 AM""","A.D."
"347","2020-07-17T10:26:37Z","2020-07-17T10:26:37Z_EAC_Cole_Harbour_G0060559",44.67126303,-63.45149423,"Cole Harbour","G0060559",3,2,"Soft","A.O.","","A.D."
"348","2020-07-17T10:26:47Z","2020-07-17T10:26:47Z_EAC_Cole_Harbour_G0060560",44.67127437,-63.45142221,"Cole Harbour","G0060560",NA,NA,NA,"A.O.","","A.D."
"349","2020-07-17T10:26:57Z","2020-07-17T10:26:57Z_EAC_Cole_Harbour_G0060561",44.67128368,-63.45137366,"Cole Harbour","G0060561",2,2,"Soft","A.O.","","A.D."
"350","2020-07-17T10:27:07Z","2020-07-17T10:27:07Z_EAC_Cole_Harbour_G0060562",44.67129392,-63.4512619,"Cole Harbour","G0060562",3,2,"Soft","A.O.","","A.D."
"351","2020-07-17T10:27:17Z","2020-07-17T10:27:17Z_EAC_Cole_Harbour_G0060563",44.67129814,-63.45111968,"Cole Harbour","G0060563",3,2,"Soft","A.O.","","A.D."
"352","2020-07-17T10:27:27Z","2020-07-17T10:27:27Z_EAC_Cole_Harbour_G0060564",44.67132337,-63.45094062,"Cole Harbour","G0060564",3,2,"Soft","A.O.","","A.D."
"353","2020-07-17T10:27:37Z","2020-07-17T10:27:37Z_EAC_Cole_Harbour_G0060565",44.67133669,-63.45077764,"Cole Harbour","G0060565",3,2,"Soft","A.O.","","A.D."
"354","2020-07-17T10:27:47Z","2020-07-17T10:27:47Z_EAC_Cole_Harbour_G0060566",44.67136816,-63.45059563,"Cole Harbour","G0060566",2,1,"Soft","A.O.","","A.D."
"355","2020-07-17T10:27:57Z","2020-07-17T10:27:57Z_EAC_Cole_Harbour_G0060567",44.67138808,-63.45047077,"Cole Harbour","G0060567",1,1,NA,"A.O.","","A.D."
"356","2020-07-17T10:28:07Z","2020-07-17T10:28:07Z_EAC_Cole_Harbour_G0060568",44.67140162,-63.45039699,"Cole Harbour","G0060568",2,2,"Soft","A.O.","","A.D."
"357","2020-07-17T10:28:17Z","2020-07-17T10:28:17Z_EAC_Cole_Harbour_G0060569",44.67140756,-63.45033342,"Cole Harbour","G0060569",2,2,"Soft","A.O.","","A.D."
"358","2020-07-17T10:28:27Z","2020-07-17T10:28:27Z_EAC_Cole_Harbour_G0060570",44.6714403,-63.45023182,"Cole Harbour","G0060570",2,1,"Soft","A.O.","","A.D."
"359","2020-07-17T10:28:37Z","2020-07-17T10:28:37Z_EAC_Cole_Harbour_G0060571",44.67147025,-63.45005964,"Cole Harbour","G0060571",1,1,NA,"A.O.","","A.D."
"360","2020-07-17T10:28:47Z","2020-07-17T10:28:47Z_EAC_Cole_Harbour_G0060572",44.67149693,-63.44988842,"Cole Harbour","G0060572",3,1,"Soft","A.O.","","A.D."
"361","2020-07-17T10:28:57Z","2020-07-17T10:28:57Z_EAC_Cole_Harbour_G0060573",44.67151015,-63.44971323,"Cole Harbour","G0060573",1,2,"Soft","A.O.","","A.D."
"362","2020-07-17T10:29:07Z","2020-07-17T10:29:07Z_EAC_Cole_Harbour_G0060574",44.67148168,-63.44954956,"Cole Harbour","G0060574",3,1,"soft","A.O.","","A.D."
"363","2020-07-17T10:29:17Z","2020-07-17T10:29:17Z_EAC_Cole_Harbour_G0060575",44.67146388,-63.44946312,"Cole Harbour","G0060575",3,1,"Soft ","A.O.","","A.D."
"364","2020-07-17T10:29:27Z","2020-07-17T10:29:27Z_EAC_Cole_Harbour_G0060576",44.67144546,-63.4493798,"Cole Harbour","G0060576",3,1,"Soft","A.O.","","A.D."
"365","2020-07-17T10:29:37Z","2020-07-17T10:29:37Z_EAC_Cole_Harbour_G0060577",44.67141982,-63.44922296,"Cole Harbour","G0060577",3,1,"Soft","A.O.","","A.D."
"366","2020-07-17T10:29:47Z","2020-07-17T10:29:47Z_EAC_Cole_Harbour_G0060578",44.67137843,-63.4490544,"Cole Harbour","G0060578",3,1,"Soft","A.O.","","A.D."
"367","2020-07-17T10:29:57Z","2020-07-17T10:29:57Z_EAC_Cole_Harbour_G0060579",44.67134458,-63.44890015,"Cole Harbour","G0060579",1,1,"Soft","A.O.","Eelgrass present but difficult to score","A.D."
"368","2020-07-17T10:30:07Z","2020-07-17T10:30:07Z_EAC_Cole_Harbour_G0060580",44.67131135,-63.44875387,"Cole Harbour","G0060580",NA,NA,NA,"A.O.","","A.D."
"369","2020-07-17T10:30:17Z","2020-07-17T10:30:17Z_EAC_Cole_Harbour_G0060581",44.67127929,-63.44867485,"Cole Harbour","G0060581",3,1,"Soft","A.O.","","A.D."
"370","2020-07-17T10:30:27Z","2020-07-17T10:30:27Z_EAC_Cole_Harbour_G0060582",44.67126351,-63.44863319,"Cole Harbour","G0060582",3,1,"Soft","A.O.","","A.D."
"371","2020-07-17T10:30:37Z","2020-07-17T10:30:37Z_EAC_Cole_Harbour_G0060583",44.67123966,-63.44856715,"Cole Harbour","G0060583",3,1,"Soft","A.O.","","A.D."
"372","2020-07-17T10:30:47Z","2020-07-17T10:30:47Z_EAC_Cole_Harbour_G0060584",44.67117987,-63.44844599,"Cole Harbour","G0060584",3,1,"Soft","A.O.","","A.D."
"373","2020-07-17T10:30:57Z","2020-07-17T10:30:57Z_EAC_Cole_Harbour_G0060585",44.67111575,-63.44830301,"Cole Harbour","G0060585",3,1,"Soft","A.O.","","A.D."
"374","2020-07-17T10:31:07Z","2020-07-17T10:31:07Z_EAC_Cole_Harbour_G0060586",44.67107202,-63.44813966,"Cole Harbour","G0060586",3,2,"Soft","A.O.","","A.D."
"375","2020-07-17T10:31:16Z","2020-07-17T10:31:16Z_EAC_Cole_Harbour_G0060587",44.67105126,-63.44804654,"Cole Harbour","G0060587",3,1,"Soft","A.O.","Actual Time of Photo ""2020-07-17  7:31:17 AM""","A.D."
"376","2020-07-17T10:31:27Z","2020-07-17T10:31:27Z_EAC_Cole_Harbour_G0060588",44.67101348,-63.44787962,"Cole Harbour","G0060588",0,NA,NA,"A.O.","","A.D."
"377","2020-07-17T10:31:37Z","2020-07-17T10:31:37Z_EAC_Cole_Harbour_G0060589",44.67098714,-63.44772477,"Cole Harbour","G0060589",3,1,"Soft","A.O.","","A.D."
"378","2020-07-17T10:31:47Z","2020-07-17T10:31:47Z_EAC_Cole_Harbour_G0060590",44.67095542,-63.44759612,"Cole Harbour","G0060590",3,1,"Soft","A.O.","","A.D."
"379","2020-07-17T10:31:57Z","2020-07-17T10:31:57Z_EAC_Cole_Harbour_G0060591",44.67090514,-63.44742647,"Cole Harbour","G0060591",0,NA,NA,"A.O.","","A.D."
"380","2020-07-17T10:32:07Z","2020-07-17T10:32:07Z_EAC_Cole_Harbour_G0060592",44.67083228,-63.44727601,"Cole Harbour","G0060592",0,NA,NA,"A.O.","","A.D."
"381","2020-07-17T10:32:17Z","2020-07-17T10:32:17Z_EAC_Cole_Harbour_G0060593",44.67077349,-63.44715,"Cole Harbour","G0060593",0,NA,NA,"A.O.","","A.D."
"382","2020-07-17T10:32:27Z","2020-07-17T10:32:27Z_EAC_Cole_Harbour_G0060594",44.6707355,-63.44706637,"Cole Harbour","G0060594",2,1,"soft ","A.O.","","A.D."
"383","2020-07-17T10:32:37Z","2020-07-17T10:32:37Z_EAC_Cole_Harbour_G0060595",44.67068487,-63.44691668,"Cole Harbour","G0060595",0,NA,NA,"A.O.","","A.D."
"384","2020-07-17T10:32:47Z","2020-07-17T10:32:47Z_EAC_Cole_Harbour_G0060596",44.67064685,-63.446773,"Cole Harbour","G0060596",0,NA,NA,"A.O.","","A.D."
"385","2020-07-17T10:32:57Z","2020-07-17T10:32:57Z_EAC_Cole_Harbour_G0060597",44.6706161,-63.44670107,"Cole Harbour","G0060597",3,1,"Soft","A.O.","","A.D."
"386","2020-07-17T10:33:07Z","2020-07-17T10:33:07Z_EAC_Cole_Harbour_G0060598",44.67058316,-63.44658789,"Cole Harbour","G0060598",2,1,"Soft","A.O.","","A.D."
"387","2020-07-17T10:33:17Z","2020-07-17T10:33:17Z_EAC_Cole_Harbour_G0060599",44.67055586,-63.44648462,"Cole Harbour","G0060599",2,1,"Soft","A.O.","","A.D."
"388","2020-07-17T10:33:27Z","2020-07-17T10:33:27Z_EAC_Cole_Harbour_G0060600",44.67051029,-63.44632781,"Cole Harbour","G0060600",2,1,"Soft","A.O.","","A.D."
"389","2020-07-17T10:33:35Z","2020-07-17T10:33:35Z_EAC_Cole_Harbour_G0060601",44.67045983,-63.44621756,"Cole Harbour","G0060601",3,1,"Soft","A.O.","Actual Time of Photo ""2020-07-17  7:33:37 AM""","A.D."
"390","2020-07-17T10:33:48Z","2020-07-17T10:33:48Z_EAC_Cole_Harbour_G0060602",44.67039793,-63.44603868,"Cole Harbour","G0060602",2,1,"Soft","A.O.","Actual Time of Photo ""2020-07-17  7:33:47 AM""","A.D."
"391","2020-07-17T10:33:57Z","2020-07-17T10:33:57Z_EAC_Cole_Harbour_G0060603",44.67033793,-63.44587989,"Cole Harbour","G0060603",2,2,"Soft","A.O.","","A.D."
"392","2020-07-17T10:34:07Z","2020-07-17T10:34:07Z_EAC_Cole_Harbour_G0060604",44.67028183,-63.44573195,"Cole Harbour","G0060604",3,1,"Soft","A.O.","","A.D."
"393","2020-07-17T10:34:17Z","2020-07-17T10:34:17Z_EAC_Cole_Harbour_G0060605",44.67021453,-63.44557771,"Cole Harbour","G0060605",1,2,"Soft","A.O.","Eelgrass present but difficult to score","A.D."
"394","2020-07-17T10:34:27Z","2020-07-17T10:34:27Z_EAC_Cole_Harbour_G0060606",44.67013335,-63.4454244,"Cole Harbour","G0060606",3,1,"Soft","A.O.","","A.D."
"395","2020-07-17T10:34:37Z","2020-07-17T10:34:37Z_EAC_Cole_Harbour_G0060607",44.67006449,-63.44529851,"Cole Harbour","G0060607",2,2,"Soft","A.O.","","A.D."
"396","2020-07-17T10:34:47Z","2020-07-17T10:34:47Z_EAC_Cole_Harbour_G0060608",44.67000552,-63.44513098,"Cole Harbour","G0060608",2,2,"Soft","A.O.","","A.D."
"397","2020-07-17T10:34:57Z","2020-07-17T10:34:57Z_EAC_Cole_Harbour_G0060609",44.66996524,-63.44496953,"Cole Harbour","G0060609",2,2,"Soft","A.O.","","A.D."
"398","2020-07-17T10:35:06Z","2020-07-17T10:35:06Z_EAC_Cole_Harbour_G0060610",44.66992322,-63.44480414,"Cole Harbour","G0060610",2,2,"Soft","A.O.","Actual Time of Photo ""2020-07-17  7:35:07 AM""","A.D."
"399","2020-07-17T10:35:17Z","2020-07-17T10:35:17Z_EAC_Cole_Harbour_G0060611",44.66989508,-63.44459615,"Cole Harbour","G0060611",2,2,"Soft","A.O.","","A.D."
"400","2020-07-17T10:35:27Z","2020-07-17T10:35:27Z_EAC_Cole_Harbour_G0060612",44.66986774,-63.44440769,"Cole Harbour","G0060612",2,2,"Soft","A.O.","","A.D."
"401","2020-07-17T10:35:37Z","2020-07-17T10:35:37Z_EAC_Cole_Harbour_G0060613",44.66983571,-63.44428161,"Cole Harbour","G0060613",2,2,"Soft","A.O.","","A.D."
"402","2020-07-17T10:35:47Z","2020-07-17T10:35:47Z_EAC_Cole_Harbour_G0060614",44.66980557,-63.44417205,"Cole Harbour","G0060614",2,2,"Soft","A.O.","","A.D."
"403","2020-07-17T10:35:57Z","2020-07-17T10:35:57Z_EAC_Cole_Harbour_G0060615",44.66973098,-63.44398949,"Cole Harbour","G0060615",1,2,"Soft","A.O.","","A.D."
"404","2020-07-17T10:36:07Z","2020-07-17T10:36:07Z_EAC_Cole_Harbour_G0060616",44.66963022,-63.4438287,"Cole Harbour","G0060616",2,2,"Soft","A.O.","","A.D."
"405","2020-07-17T10:36:17Z","2020-07-17T10:36:17Z_EAC_Cole_Harbour_G0060617",44.6695717,-63.44369955,"Cole Harbour","G0060617",2,2,"Soft","A.O.","","A.D."
"406","2020-07-17T10:36:27Z","2020-07-17T10:36:27Z_EAC_Cole_Harbour_G0060618",44.669529,-63.44362516,"Cole Harbour","G0060618",2,2,"Soft","A.O.","","A.D."
"407","2020-07-17T10:36:37Z","2020-07-17T10:36:37Z_EAC_Cole_Harbour_G0060619",44.66949597,-63.44357732,"Cole Harbour","G0060619",3,2,"Soft","A.O.","","A.D."
"408","2020-07-17T10:36:47Z","2020-07-17T10:36:47Z_EAC_Cole_Harbour_G0060620",44.66947282,-63.44353448,"Cole Harbour","G0060620",2,2,"Soft","A.O.","","A.D."
"409","2020-07-17T10:36:57Z","2020-07-17T10:36:57Z_EAC_Cole_Harbour_G0060621",44.66942932,-63.44349183,"Cole Harbour","G0060621",2,1,"Soft","A.O.","","A.D."
"410","2020-07-17T10:37:07Z","2020-07-17T10:37:07Z_EAC_Cole_Harbour_G0060622",44.66933148,-63.443456,"Cole Harbour","G0060622",2,2,"Soft","A.O.","","A.D."
"411","2020-07-17T10:37:17Z","2020-07-17T10:37:17Z_EAC_Cole_Harbour_G0060623",44.66924351,-63.4434769,"Cole Harbour","G0060623",3,2,"Soft","A.O.","","A.D."
"412","2020-07-17T10:37:27Z","2020-07-17T10:37:27Z_EAC_Cole_Harbour_G0060624",44.66913495,-63.44352955,"Cole Harbour","G0060624",3,1,"Soft","A.O.","","A.D."
"413","2020-07-17T10:37:37Z","2020-07-17T10:37:37Z_EAC_Cole_Harbour_G0060625",44.66901788,-63.44356608,"Cole Harbour","G0060625",2,1,"Soft","A.O.","","A.D."
"414","2020-07-17T10:37:47Z","2020-07-17T10:37:47Z_EAC_Cole_Harbour_G0060626",44.66890061,-63.44363806,"Cole Harbour","G0060626",2,1,"Soft","A.O.","","A.D."
"415","2020-07-17T10:37:57Z","2020-07-17T10:37:57Z_EAC_Cole_Harbour_G0060627",44.66879458,-63.44370071,"Cole Harbour","G0060627",3,1,"Soft","A.O.","","A.D."
"416","2020-07-17T10:38:07Z","2020-07-17T10:38:07Z_EAC_Cole_Harbour_G0060628",44.66867798,-63.44378392,"Cole Harbour","G0060628",3,1,"Soft","A.O.","","A.D."
"417","2020-07-17T10:38:17Z","2020-07-17T10:38:17Z_EAC_Cole_Harbour_G0060629",44.66854445,-63.44383832,"Cole Harbour","G0060629",2,2,"Soft","A.O.","","A.D."
"418","2020-07-17T10:38:27Z","2020-07-17T10:38:27Z_EAC_Cole_Harbour_G0060630",44.66841966,-63.44388331,"Cole Harbour","G0060630",2,1,"Soft","A.O.","","A.D."
"419","2020-07-17T10:38:37Z","2020-07-17T10:38:37Z_EAC_Cole_Harbour_G0060631",44.66829977,-63.44393542,"Cole Harbour","G0060631",2,1,"Soft","A.O.","","A.D."
"420","2020-07-17T10:38:47Z","2020-07-17T10:38:47Z_EAC_Cole_Harbour_G0060632",44.66818958,-63.44394614,"Cole Harbour","G0060632",2,1,"Soft","A.O.","","A.D."
"421","2020-07-17T10:38:57Z","2020-07-17T10:38:57Z_EAC_Cole_Harbour_G0060633",44.66808768,-63.44391149,"Cole Harbour","G0060633",3,1,"Soft","A.O.","","A.D."
"422","2020-07-17T10:39:07Z","2020-07-17T10:39:07Z_EAC_Cole_Harbour_G0060634",44.66796457,-63.44385796,"Cole Harbour","G0060634",3,1,"Soft","A.O.","","A.D."
"423","2020-07-17T10:39:17Z","2020-07-17T10:39:17Z_EAC_Cole_Harbour_G0060635",44.66785573,-63.44379103,"Cole Harbour","G0060635",2,2,"Soft","A.O.","","A.D."
"424","2020-07-17T10:39:27Z","2020-07-17T10:39:27Z_EAC_Cole_Harbour_G0060636",44.66774981,-63.44371312,"Cole Harbour","G0060636",2,2,"Soft","A.O.","","A.D."
"425","2020-07-17T10:39:36Z","2020-07-17T10:39:36Z_EAC_Cole_Harbour_G0060637",44.66768276,-63.44361112,"Cole Harbour","G0060637",2,1,"Soft","A.O.","Actual Time of Photo ""2020-07-17  7:39:37 AM""","A.D."
"426","2020-07-17T10:39:47Z","2020-07-17T10:39:47Z_EAC_Cole_Harbour_G0060638",44.66759224,-63.44347798,"Cole Harbour","G0060638",2,1,"Soft","A.O.","","A.D."
"427","2020-07-17T10:39:58Z","2020-07-17T10:39:58Z_EAC_Cole_Harbour_G0060639",44.66749394,-63.44333799,"Cole Harbour","G0060639",2,1,"Soft","A.O.","Actual Time of Photo ""2020-07-17  7:39:57 AM""","A.D."
"428","2020-07-17T10:40:07Z","2020-07-17T10:40:07Z_EAC_Cole_Harbour_G0060640",44.66743077,-63.44321633,"Cole Harbour","G0060640",2,2,"Soft","A.O.","","A.D."
"429","2020-07-17T10:40:17Z","2020-07-17T10:40:17Z_EAC_Cole_Harbour_G0060641",44.66736532,-63.44310936,"Cole Harbour","G0060641",3,2,"Soft","A.O.","","A.D."
"430","2020-07-17T10:40:27Z","2020-07-17T10:40:27Z_EAC_Cole_Harbour_G0060642",44.66731376,-63.44302689,"Cole Harbour","G0060642",3,2,"Soft","A.O.","","A.D."
"431","2020-07-17T10:40:37Z","2020-07-17T10:40:37Z_EAC_Cole_Harbour_G0060643",44.66724246,-63.44291437,"Cole Harbour","G0060643",2,2,"Soft","A.O.","","A.D."
"432","2020-07-17T10:40:47Z","2020-07-17T10:40:47Z_EAC_Cole_Harbour_G0060644",44.66716263,-63.44277237,"Cole Harbour","G0060644",3,1,"Soft","A.O.","","A.D."
"433","2020-07-17T10:40:57Z","2020-07-17T10:40:57Z_EAC_Cole_Harbour_G0060645",44.66709569,-63.44262445,"Cole Harbour","G0060645",1,1,"Soft","A.O.","","A.D."
"434","2020-07-17T10:41:07Z","2020-07-17T10:41:07Z_EAC_Cole_Harbour_G0060646",44.6670316,-63.4424609,"Cole Harbour","G0060646",2,1,"Soft","A.O.","","A.D."
"435","2020-07-17T10:41:17Z","2020-07-17T10:41:17Z_EAC_Cole_Harbour_G0060647",44.66694575,-63.44230205,"Cole Harbour","G0060647",2,1,"Soft","A.O.","","A.D."
"436","2020-07-17T10:41:27Z","2020-07-17T10:41:27Z_EAC_Cole_Harbour_G0060648",44.66688634,-63.44216921,"Cole Harbour","G0060648",2,1,"Soft","A.O.","","A.D."
"437","2020-07-17T10:41:37Z","2020-07-17T10:41:37Z_EAC_Cole_Harbour_G0060649",44.66682798,-63.44204137,"Cole Harbour","G0060649",2,2,"Soft","A.O.","","A.D."
"438","2020-07-17T10:41:47Z","2020-07-17T10:41:47Z_EAC_Cole_Harbour_G0060650",44.66676637,-63.44189053,"Cole Harbour","G0060650",2,2,"Soft","A.O.","","A.D."
"439","2020-07-17T10:41:57Z","2020-07-17T10:41:57Z_EAC_Cole_Harbour_G0060651",44.66670187,-63.44173761,"Cole Harbour","G0060651",2,2,"Soft","A.O.","","A.D."
"440","2020-07-17T10:42:07Z","2020-07-17T10:42:07Z_EAC_Cole_Harbour_G0060652",44.66664311,-63.4415792,"Cole Harbour","G0060652",0,NA,NA,"A.O.","","A.D."
"441","2020-07-17T10:42:17Z","2020-07-17T10:42:17Z_EAC_Cole_Harbour_G0060653",44.66658354,-63.4414229,"Cole Harbour","G0060653",3,2,"Soft","A.O.","","A.D."
"442","2020-07-17T10:42:28Z","2020-07-17T10:42:28Z_EAC_Cole_Harbour_G0060654",44.66653108,-63.44124441,"Cole Harbour","G0060654",3,1,"Soft","A.O.","Actual Time of Photo ""2020-07-17  7:42:27 AM""","A.D."
"443","2020-07-17T10:42:37Z","2020-07-17T10:42:37Z_EAC_Cole_Harbour_G0060655",44.66648573,-63.44110779,"Cole Harbour","G0060655",1,2,"Soft","A.O.","","A.D."
"444","2020-07-17T10:42:47Z","2020-07-17T10:42:47Z_EAC_Cole_Harbour_G0060656",44.6664311,-63.44095335,"Cole Harbour","G0060656",3,2,"Soft","A.O.","","A.D."
"445","2020-07-17T10:42:57Z","2020-07-17T10:42:57Z_EAC_Cole_Harbour_G0060657",44.66636457,-63.44077762,"Cole Harbour","G0060657",2,1,"Soft","A.O.","","A.D."
"446","2020-07-17T10:43:07Z","2020-07-17T10:43:07Z_EAC_Cole_Harbour_G0060658",44.66630429,-63.44059807,"Cole Harbour","G0060658",0,NA,NA,"A.O.","","A.D."
"447","2020-07-17T10:43:17Z","2020-07-17T10:43:17Z_EAC_Cole_Harbour_G0060659",44.66623599,-63.4404339,"Cole Harbour","G0060659",1,1,"Soft","A.O.","","A.D."
"448","2020-07-17T10:43:27Z","2020-07-17T10:43:27Z_EAC_Cole_Harbour_G0060660",44.66614731,-63.44029663,"Cole Harbour","G0060660",2,2,"Soft","A.O.","","A.D."
"449","2020-07-17T10:43:38Z","2020-07-17T10:43:38Z_EAC_Cole_Harbour_G0060661",44.66607317,-63.44020567,"Cole Harbour","G0060661",3,1,"Soft","A.O.","Actual Time of Photo ""2020-07-17  7:43:37 AM""","A.D."
"450","2020-07-17T10:43:47Z","2020-07-17T10:43:47Z_EAC_Cole_Harbour_G0060662",44.66604063,-63.44014758,"Cole Harbour","G0060662",2,2,"Soft","A.O.","","A.D."
"451","2020-07-17T10:43:57Z","2020-07-17T10:43:57Z_EAC_Cole_Harbour_G0060663",44.66598365,-63.43999949,"Cole Harbour","G0060663",1,2,"Soft","A.O.","","A.D."
"452","2020-07-17T10:44:07Z","2020-07-17T10:44:07Z_EAC_Cole_Harbour_G0060664",44.66593035,-63.4397985,"Cole Harbour","G0060664",1,2,"Soft","A.O.","","A.D."
"453","2020-07-17T10:44:19Z","2020-07-17T10:44:19Z_EAC_Cole_Harbour_G0060665",44.66584232,-63.43959388,"Cole Harbour","G0060665",0,NA,NA,"A.O.","Actual Time of Photo ""2020-07-17  7:44:17 AM""","A.D."
"454","2020-07-17T10:44:27Z","2020-07-17T10:44:27Z_EAC_Cole_Harbour_G0060666",44.66578833,-63.43944574,"Cole Harbour","G0060666",0,NA,NA,"A.O.","","A.D."
"455","2020-07-17T10:44:37Z","2020-07-17T10:44:37Z_EAC_Cole_Harbour_G0060667",44.66572761,-63.4393034,"Cole Harbour","G0060667",3,1,"Soft","A.O.","","A.D."
"456","2020-07-17T10:44:47Z","2020-07-17T10:44:47Z_EAC_Cole_Harbour_G0060668",44.66570085,-63.43923549,"Cole Harbour","G0060668",2,1,"Soft","A.O.","","A.D."
"457","2020-07-17T10:44:57Z","2020-07-17T10:44:57Z_EAC_Cole_Harbour_G0060669",44.66566026,-63.43915569,"Cole Harbour","G0060669",2,2,"Soft","A.O.","","A.D."
"458","2020-07-17T10:45:07Z","2020-07-17T10:45:07Z_EAC_Cole_Harbour_G0060670",44.66559666,-63.43897757,"Cole Harbour","G0060670",3,1,"Soft","A.O.","","A.D."
"459","2020-07-17T10:45:17Z","2020-07-17T10:45:17Z_EAC_Cole_Harbour_G0060671",44.66556295,-63.43886949,"Cole Harbour","G0060671",2,1,"Soft","A.O.","","A.D."
"460","2020-07-17T10:45:27Z","2020-07-17T10:45:27Z_EAC_Cole_Harbour_G0060672",44.66553463,-63.43874309,"Cole Harbour","G0060672",3,1,"Soft","A.O.","","A.D."
"461","2020-07-17T10:45:37Z","2020-07-17T10:45:37Z_EAC_Cole_Harbour_G0060673",44.66545495,-63.4386263,"Cole Harbour","G0060673",2,2,"Soft","A.O.","","A.D."
"462","2020-07-17T10:45:47Z","2020-07-17T10:45:47Z_EAC_Cole_Harbour_G0060674",44.66539732,-63.43846,"Cole Harbour","G0060674",2,1,"Soft","A.O.","","A.D."
"463","2020-07-17T10:45:57Z","2020-07-17T10:45:57Z_EAC_Cole_Harbour_G0060675",44.66536433,-63.43828107,"Cole Harbour","G0060675",3,2,"Soft","A.O.","","A.D."
"464","2020-07-17T10:46:06Z","2020-07-17T10:46:06Z_EAC_Cole_Harbour_G0060676",44.6653314,-63.43813144,"Cole Harbour","G0060676",1,2,"Soft","A.O.","Actual Time of Photo ""2020-07-17  7:46:07 AM""","A.D."
"465","2020-07-17T10:46:17Z","2020-07-17T10:46:17Z_EAC_Cole_Harbour_G0060677",44.66531761,-63.43794862,"Cole Harbour","G0060677",3,2,"Soft","A.O.","","A.D."
"466","2020-07-17T10:46:27Z","2020-07-17T10:46:27Z_EAC_Cole_Harbour_G0060678",44.66529034,-63.43782277,"Cole Harbour","G0060678",NA,NA,NA,"A.O.","","A.D."
"467","2020-07-17T10:46:37Z","2020-07-17T10:46:37Z_EAC_Cole_Harbour_G0060679",44.66529,-63.43772653,"Cole Harbour","G0060679",3,1,"Soft","A.O.","","A.D."
"468","2020-07-17T10:46:47Z","2020-07-17T10:46:47Z_EAC_Cole_Harbour_G0060680",44.66524344,-63.43759771,"Cole Harbour","G0060680",2,2,"Soft","A.O.","","A.D."
"469","2020-07-17T10:46:57Z","2020-07-17T10:46:57Z_EAC_Cole_Harbour_G0060681",44.66519129,-63.4374343,"Cole Harbour","G0060681",1,2,"Soft","A.O.","","A.D."
"470","2020-07-17T10:47:06Z","2020-07-17T10:47:06Z_EAC_Cole_Harbour_G0060682",44.6651465,-63.43730234,"Cole Harbour","G0060682",3,1,"Soft","A.O.","Actual Time of Photo ""2020-07-17  7:47:07 AM""","A.D."
"471","2020-07-17T10:47:17Z","2020-07-17T10:47:17Z_EAC_Cole_Harbour_G0060683",44.66509705,-63.43716301,"Cole Harbour","G0060683",3,1,"Soft","A.O.","","A.D."
"472","2020-07-17T10:47:27Z","2020-07-17T10:47:27Z_EAC_Cole_Harbour_G0060684",44.66504882,-63.43704433,"Cole Harbour","G0060684",3,1,"Soft","A.O.","","A.D."
"473","2020-07-17T10:47:37Z","2020-07-17T10:47:37Z_EAC_Cole_Harbour_G0060685",44.66501396,-63.43693036,"Cole Harbour","G0060685",0,NA,NA,"A.O.","","A.D."
"474","2020-07-17T10:47:47Z","2020-07-17T10:47:47Z_EAC_Cole_Harbour_G0060686",44.66496789,-63.43678095,"Cole Harbour","G0060686",0,NA,NA,"A.O.","","A.D."
"475","2020-07-17T10:47:57Z","2020-07-17T10:47:57Z_EAC_Cole_Harbour_G0060687",44.66494114,-63.43663917,"Cole Harbour","G0060687",3,1,"Soft","A.O.","","A.D."
"476","2020-07-17T10:48:07Z","2020-07-17T10:48:07Z_EAC_Cole_Harbour_G0060688",44.66492439,-63.43656368,"Cole Harbour","G0060688",3,2,"Soft","A.O.","","A.D."
"477","2020-07-17T10:48:18Z","2020-07-17T10:48:18Z_EAC_Cole_Harbour_G0060689",44.66490146,-63.43647927,"Cole Harbour","G0060689",3,1,"Soft","A.O.","Actual Time of Photo ""2020-07-17  7:48:17 AM""","A.D."
"478","2020-07-17T10:48:27Z","2020-07-17T10:48:27Z_EAC_Cole_Harbour_G0060690",44.66487701,-63.43639291,"Cole Harbour","G0060690",3,1,"Soft","A.O.","","A.D."
"479","2020-07-17T10:48:37Z","2020-07-17T10:48:37Z_EAC_Cole_Harbour_G0060691",44.66485643,-63.43631035,"Cole Harbour","G0060691",3,1,"Soft","A.O.","","A.D."
"480","2020-07-17T10:48:47Z","2020-07-17T10:48:47Z_EAC_Cole_Harbour_G0060692",44.66483103,-63.43626871,"Cole Harbour","G0060692",3,1,"Soft","A.O.","","A.D."
"481","2020-07-17T10:48:57Z","2020-07-17T10:48:57Z_EAC_Cole_Harbour_G0060693",44.66483658,-63.43626825,"Cole Harbour","G0060693",3,1,"Soft","A.O.","","A.D."
"482","2020-07-17T10:49:07Z","2020-07-17T10:49:07Z_EAC_Cole_Harbour_G0060694",44.66485737,-63.43628117,"Cole Harbour","G0060694",3,1,"Soft","A.O.","","A.D."
"483","2020-07-17T10:49:17Z","2020-07-17T10:49:17Z_EAC_Cole_Harbour_G0060695",44.66484688,-63.43626808,"Cole Harbour","G0060695",3,1,"Soft","A.O.","","A.D."
"484","2020-07-17T10:49:27Z","2020-07-17T10:49:27Z_EAC_Cole_Harbour_G0060696",44.66484173,-63.43625595,"Cole Harbour","G0060696",3,1,"Soft","A.O.","","A.D."
"485","2020-07-17T10:49:37Z","2020-07-17T10:49:37Z_EAC_Cole_Harbour_G0060697",44.66489612,-63.43622499,"Cole Harbour","G0060697",3,1,"Soft","A.O.","","A.D."
"486","2020-07-17T10:49:47Z","2020-07-17T10:49:47Z_EAC_Cole_Harbour_G0060698",44.66497794,-63.43619543,"Cole Harbour","G0060698",3,1,"Soft","A.O.","","A.D."
"487","2020-07-17T10:49:57Z","2020-07-17T10:49:57Z_EAC_Cole_Harbour_G0060699",44.66506933,-63.43613181,"Cole Harbour","G0060699",3,1,"Soft","A.O.","","A.D."
"488","2020-07-17T10:50:07Z","2020-07-17T10:50:07Z_EAC_Cole_Harbour_G0060700",44.66513783,-63.43605583,"Cole Harbour","G0060700",3,1,"Soft","A.O.","","A.D."
"489","2020-07-17T10:50:17Z","2020-07-17T10:50:17Z_EAC_Cole_Harbour_G0060701",44.66520829,-63.43594456,"Cole Harbour","G0060701",3,2,"Soft","A.O.","","A.D."
"490","2020-07-17T10:50:27Z","2020-07-17T10:50:27Z_EAC_Cole_Harbour_G0060702",44.66525219,-63.43580855,"Cole Harbour","G0060702",3,1,"Soft","A.O.","","A.D."
"491","2020-07-17T10:50:37Z","2020-07-17T10:50:37Z_EAC_Cole_Harbour_G0060703",44.66528393,-63.43565877,"Cole Harbour","G0060703",3,1,"Soft","A.O.","","A.D."
"492","2020-07-17T10:50:47Z","2020-07-17T10:50:47Z_EAC_Cole_Harbour_G0060704",44.66529542,-63.43550972,"Cole Harbour","G0060704",3,1,"Soft","A.O.","","A.D."
"493","2020-07-17T10:50:57Z","2020-07-17T10:50:57Z_EAC_Cole_Harbour_G0060705",44.66526678,-63.43539155,"Cole Harbour","G0060705",3,1,"Soft","A.O.","","A.D."
"494","2020-07-17T10:51:07Z","2020-07-17T10:51:07Z_EAC_Cole_Harbour_G0060706",44.66525969,-63.43526832,"Cole Harbour","G0060706",3,1,"Soft","A.O.","","A.D."
"495","2020-07-17T10:51:17Z","2020-07-17T10:51:17Z_EAC_Cole_Harbour_G0060707",44.6652222,-63.43514175,"Cole Harbour","G0060707",3,2,"Soft","A.O.","","A.D."
"496","2020-07-17T10:51:27Z","2020-07-17T10:51:27Z_EAC_Cole_Harbour_G0060708",44.66517859,-63.43503371,"Cole Harbour","G0060708",3,1,"Soft","A.O.","","A.D."
"497","2020-07-17T10:51:37Z","2020-07-17T10:51:37Z_EAC_Cole_Harbour_G0060709",44.66512445,-63.43493778,"Cole Harbour","G0060709",3,1,"Soft","A.O.","","A.D."
"498","2020-07-17T10:51:47Z","2020-07-17T10:51:47Z_EAC_Cole_Harbour_G0060710",44.66506035,-63.43486265,"Cole Harbour","G0060710",3,1,"Soft","A.O.","","A.D."
"499","2020-07-17T10:51:57Z","2020-07-17T10:51:57Z_EAC_Cole_Harbour_G0060711",44.66501237,-63.43474821,"Cole Harbour","G0060711",3,1,"Soft","A.O.","","A.D."
"500","2020-07-17T10:52:07Z","2020-07-17T10:52:07Z_EAC_Cole_Harbour_G0060712",44.66493659,-63.4346728,"Cole Harbour","G0060712",3,1,"Soft","A.O.","","A.D."
"501","2020-07-17T10:52:17Z","2020-07-17T10:52:17Z_EAC_Cole_Harbour_G0060713",44.664853,-63.43461202,"Cole Harbour","G0060713",3,1,"Soft","A.O.","","A.D."
"502","2020-07-17T10:52:27Z","2020-07-17T10:52:27Z_EAC_Cole_Harbour_G0060714",44.66477158,-63.43454011,"Cole Harbour","G0060714",3,1,"Soft","A.O.","","A.D."
"503","2020-07-17T10:52:37Z","2020-07-17T10:52:37Z_EAC_Cole_Harbour_G0060715",44.66466847,-63.43448495,"Cole Harbour","G0060715",3,1,"Soft","A.O.","","A.D."
"504","2020-07-17T10:52:47Z","2020-07-17T10:52:47Z_EAC_Cole_Harbour_G0060716",44.66455374,-63.43442267,"Cole Harbour","G0060716",3,2,"Soft","A.O.","","A.D."
"505","2020-07-17T10:52:57Z","2020-07-17T10:52:57Z_EAC_Cole_Harbour_G0060717",44.66446471,-63.43439955,"Cole Harbour","G0060717",2,2,"Soft","A.O.","","A.D."
"506","2020-07-17T10:53:07Z","2020-07-17T10:53:07Z_EAC_Cole_Harbour_G0060718",44.66444767,-63.43443525,"Cole Harbour","G0060718",2,2,"Soft","A.O.","","A.D."
"507","2020-07-17T10:53:17Z","2020-07-17T10:53:17Z_EAC_Cole_Harbour_G0060719",44.66444343,-63.43446454,"Cole Harbour","G0060719",2,3,"Soft","A.O.","","A.D."
"508","2020-07-17T10:53:27Z","2020-07-17T10:53:27Z_EAC_Cole_Harbour_G0060720",44.66444577,-63.43447854,"Cole Harbour","G0060720",3,2,"Soft","A.O.","","A.D."
"509","2020-07-17T10:53:37Z","2020-07-17T10:53:37Z_EAC_Cole_Harbour_G0060721",44.66448822,-63.4344769,"Cole Harbour","G0060721",3,1,"Soft","A.O.","","A.D."
"510","2020-07-17T10:53:47Z","2020-07-17T10:53:47Z_EAC_Cole_Harbour_G0060722",44.66449348,-63.43443953,"Cole Harbour","G0060722",3,1,"Soft","A.O.","","A.D."
"511","2020-07-17T10:53:57Z","2020-07-17T10:53:57Z_EAC_Cole_Harbour_G0060723",44.66440499,-63.43444644,"Cole Harbour","G0060723",3,1,"Soft","A.O.","","A.D."
"512","2020-07-17T10:54:07Z","2020-07-17T10:54:07Z_EAC_Cole_Harbour_G0060724",44.66427166,-63.43441579,"Cole Harbour","G0060724",3,1,"Soft","A.O.","","A.D."
